Date,Open,High,Low,Close,Volume
2020-01-01,623.0,626.0,616.3499755859375,621.4500122070312,1749377
2020-01-02,622.7000122070312,638.7999877929688,618.4000244140625,634.25,1973981
2020-01-03,631.0,637.4500122070312,626.4000244140625,630.7000122070312,2401828
2020-01-06,627.4000244140625,627.4000244140625,611.5,619.5499877929688,4175516
2020-01-07,623.5999755859375,643.7000122070312,623.5999755859375,629.9500122070312,2827658
2020-01-08,622.0,631.7999877929688,618.5,628.8499755859375,2248332
2020-01-09,635.0,636.5,627.7999877929688,631.5,1338705
2020-01-10,632.4000244140625,634.0,618.75,623.0999755859375,2181852
2020-01-13,627.9000244140625,633.0499877929688,623.5999755859375,625.4000244140625,1161466
2020-01-14,626.5,627.0,612.75,614.25,2109229
2020-01-15,614.0,620.5,612.75,616.5499877929688,1621297
2020-01-16,624.0,625.0,605.7999877929688,607.5,3196222
2020-01-17,607.5,611.5499877929688,601.7000122070312,607.6500244140625,2313300
2020-01-20,611.0,612.4500122070312,597.0999755859375,598.25,1870028
2020-01-21,595.7000122070312,609.7000122070312,594.1500244140625,602.0,1597879
2020-01-22,604.9000244140625,616.5,602.6500244140625,612.75,2066862
2020-01-23,614.2999877929688,621.9000244140625,611.5,616.0,1685313
2020-01-24,607.9000244140625,611.25,602.7999877929688,607.25,2188192
2020-01-27,604.7999877929688,605.7000122070312,598.0999755859375,599.7000122070312,1531808
2020-01-28,601.0,611.9000244140625,599.0,603.75,1651481
2020-01-29,605.9500122070312,611.0,602.25,605.0499877929688,1324538
2020-01-30,605.9000244140625,608.5499877929688,597.1500244140625,600.4500122070312,1060111
2020-01-31,603.0999755859375,604.4500122070312,597.2999877929688,599.2000122070312,1260667
2020-02-03,553.0,573.0,527.5,565.2999877929688,9688974
2020-02-04,568.0,578.4500122070312,555.5499877929688,573.0999755859375,3116053
2020-02-05,574.4000244140625,586.3499755859375,565.0,583.4500122070312,2739852
2020-02-06,587.0,598.7000122070312,587.0,593.6500244140625,2299958
2020-02-07,593.5,600.0,589.0,595.7000122070312,1185529
2020-02-10,596.0,598.9000244140625,584.5,588.0499877929688,1366499
2020-02-11,589.75,594.5,575.7999877929688,583.5,1545054
2020-02-12,585.5999755859375,594.7000122070312,563.5999755859375,578.3499755859375,3303107
2020-02-13,576.5,582.25,568.5,577.2000122070312,2107487
2020-02-14,578.9000244140625,581.5,572.0,573.9500122070312,2332181
2020-02-17,574.9000244140625,575.0,564.0499877929688,565.9000244140625,918309
2020-02-18,564.7999877929688,565.3499755859375,556.0,562.5999755859375,1231246
2020-02-19,565.9000244140625,581.8499755859375,563.0,579.0999755859375,1752251
2020-02-20,582.0999755859375,583.7000122070312,572.0999755859375,573.5,3708209
2020-02-24,572.25,578.4000244140625,556.0,560.7999877929688,1576359
2020-02-25,570.0,582.5,566.0,569.5,3582636
2020-02-26,565.2999877929688,571.4500122070312,555.0,557.0499877929688,2313470
2020-02-27,559.0,569.2999877929688,544.25,566.7000122070312,2985262
2020-02-28,554.0,565.0,541.25,544.0999755859375,4380818
2020-03-02,555.0,564.25,550.9500122070312,554.5,2299648
2020-03-03,560.0,573.0,559.6500244140625,563.5,2844292
2020-03-04,567.4000244140625,570.0,560.1500244140625,568.5999755859375,1735962
2020-03-05,572.0,572.7999877929688,556.4000244140625,564.9500122070312,3821330
2020-03-06,541.0,556.5,535.0,548.1500244140625,3494853
2020-03-09,538.0,540.2999877929688,506.20001220703125,517.6500244140625,4577587
2020-03-11,515.0,526.0,508.04998779296875,513.5499877929688,2971154
2020-03-12,495.0,498.0,453.29998779296875,472.8999938964844,4797510
2020-03-13,435.0,525.0,429.1000061035156,507.1499938964844,7973623
2020-03-16,494.0,500.3999938964844,471.0,474.20001220703125,4058756
2020-03-17,475.0,486.0,460.0,464.95001220703125,3291793
2020-03-18,465.0,470.0,410.8500061035156,419.45001220703125,4743183
2020-03-19,385.3500061035156,432.54998779296875,385.3500061035156,416.95001220703125,8358736
2020-03-20,425.1000061035156,442.0,411.29998779296875,418.1000061035156,4857316
2020-03-23,377.5,394.3999938964844,340.0,342.29998779296875,4439246
2020-03-24,362.0,409.0,345.8500061035156,391.29998779296875,5260142
2020-03-25,390.0,440.0,385.6000061035156,434.29998779296875,6171029
2020-03-26,448.0,487.0,434.0,477.45001220703125,6462048
2020-03-27,450.20001220703125,483.79998779296875,440.0,441.0,14440511
2020-03-30,432.0,443.8999938964844,407.0,412.5,7106515
2020-03-31,429.0,448.20001220703125,414.3999938964844,441.3500061035156,5414961
2020-04-01,438.1000061035156,447.3999938964844,424.04998779296875,429.8999938964844,7414297
2020-04-03,428.5,442.0,416.20001220703125,422.29998779296875,6997591
2020-04-07,436.8999938964844,476.0,433.25,470.5,6387600
2020-04-08,464.95001220703125,500.54998779296875,457.3999938964844,476.6000061035156,7175190
2020-04-09,488.8999938964844,494.3999938964844,464.1499938964844,472.25,3633315
2020-04-13,473.0,482.75,453.29998779296875,477.79998779296875,4143591
2020-04-15,481.70001220703125,488.70001220703125,468.5,471.70001220703125,3951803
2020-04-16,470.0,494.3999938964844,462.0,489.70001220703125,5065255
2020-04-17,505.0,518.9500122070312,491.5,495.5,6523417
2020-04-20,503.70001220703125,515.2999877929688,496.0,508.29998779296875,4164522
2020-04-21,496.0,502.8500061035156,488.8999938964844,496.3500061035156,2902453
2020-04-22,499.5,509.0,490.3500061035156,503.6499938964844,2103572
2020-04-23,505.0,511.8999938964844,486.29998779296875,488.5,2996470
2020-04-24,478.25,478.75,451.1499938964844,453.3500061035156,4401783
2020-04-27,459.0,491.3999938964844,459.0,484.75,5612310
2020-04-28,495.0,496.6000061035156,471.1499938964844,486.1499938964844,5790711
2020-04-29,488.0,505.20001220703125,484.75,492.8500061035156,4230028
2020-04-30,500.0,510.70001220703125,493.1499938964844,501.04998779296875,3751397
2020-05-04,489.0,489.0,472.1000061035156,478.95001220703125,2476309
2020-05-05,483.0,489.8999938964844,475.1499938964844,477.54998779296875,2499854
2020-05-06,478.0,499.0,469.45001220703125,491.0,5449822
2020-05-07,489.70001220703125,502.0,488.8999938964844,494.54998779296875,2443348
2020-05-08,499.70001220703125,527.3499755859375,499.0,520.0499877929688,9179719
2020-05-11,529.75,539.0,522.5,525.2000122070312,5445590
2020-05-12,521.4500122070312,536.5999755859375,517.2999877929688,526.7999877929688,3693348
2020-05-13,533.0,538.0,515.0,516.75,3651773
2020-05-14,515.0,523.0,491.3999938964844,495.0,4151383
2020-05-15,499.1000061035156,501.0,485.0,487.29998779296875,3513975
2020-05-18,487.29998779296875,490.8999938964844,464.0,469.3500061035156,4108131
2020-05-19,475.0,485.95001220703125,465.25,471.75,5129782
2020-05-20,474.1499938964844,482.75,472.5,479.25,3112785
2020-05-21,480.0,496.54998779296875,480.0,493.79998779296875,4216268
2020-05-22,493.0,504.70001220703125,490.29998779296875,494.75,4602359
2020-05-26,502.0,514.9000244140625,497.0,507.45001220703125,4215615
2020-05-27,506.79998779296875,510.0,495.25,503.29998779296875,1859456
2020-05-28,506.0,523.2999877929688,501.45001220703125,516.7999877929688,3346486
2020-05-29,516.4000244140625,540.7999877929688,511.75,523.2000122070312,27246641
2020-06-01,521.0,528.6500244140625,513.3499755859375,516.0999755859375,3151262
2020-06-02,516.0,522.25,497.0,499.70001220703125,5909622
2020-06-03,502.1000061035156,519.75,494.45001220703125,501.3500061035156,13732855
2020-06-04,521.1500244140625,524.9500122070312,512.2999877929688,517.5999755859375,11739480
2020-06-05,517.5999755859375,521.25,511.70001220703125,516.25,3558200
2020-06-08,520.0,529.7999877929688,516.25,522.0499877929688,8429754
2020-06-09,525.0,531.0,501.5,506.8500061035156,9173485
2020-06-10,507.45001220703125,507.95001220703125,499.0,501.70001220703125,3358845
2020-06-11,500.0,509.5,497.0,501.6499938964844,2482917
2020-06-12,488.0,504.1499938964844,486.25,502.29998779296875,8115108
2020-06-15,507.8999938964844,507.8999938964844,495.29998779296875,499.8999938964844,3620015
2020-06-16,505.0,510.70001220703125,497.0,505.70001220703125,3578749
2020-06-17,506.0,508.70001220703125,498.54998779296875,500.3999938964844,1857859
2020-06-18,500.0,517.9000244140625,498.6499938964844,515.9500122070312,4083990
2020-06-19,517.9500122070312,524.0,514.3499755859375,521.0999755859375,4569531
2020-06-22,524.9500122070312,525.7999877929688,514.5499877929688,520.4000244140625,2765644
2020-06-23,524.25,544.5999755859375,520.4000244140625,537.0499877929688,5813424
2020-06-24,542.7000122070312,545.5999755859375,523.7000122070312,527.25,3765172
2020-06-25,520.0,539.75,519.0,538.4000244140625,2654149
2020-06-26,541.4000244140625,547.4500122070312,535.0,541.9000244140625,2586654
2020-06-29,543.5,544.5999755859375,532.6500244140625,537.2000122070312,1691365
2020-06-30,540.5,554.4500122070312,537.0,549.0,3355423
2020-07-01,555.5499877929688,560.0,546.1500244140625,549.6500244140625,3419769
2020-07-02,549.5,552.5,545.7000122070312,547.9500122070312,1638017
2020-07-03,564.9500122070312,589.5999755859375,558.0,572.1500244140625,15663461
2020-07-06,581.0,591.8499755859375,576.4000244140625,584.7000122070312,4862801
2020-07-07,589.7000122070312,591.0,572.0999755859375,582.5999755859375,3849675
2020-07-08,581.5,596.9000244140625,578.0,581.9500122070312,4280620
2020-07-09,584.0999755859375,589.9000244140625,582.9500122070312,585.2000122070312,2440595
2020-07-10,586.0,600.0,585.25,592.5,3206846
2020-07-13,593.9500122070312,603.75,584.0,600.2999877929688,2854213
2020-07-14,592.5,609.0,592.5,598.4500122070312,3645874
2020-07-15,600.0,604.7000122070312,593.0,594.7999877929688,2310685
2020-07-16,594.0,603.75,589.25,599.8499755859375,1767540
2020-07-17,600.7999877929688,616.0,600.0499877929688,614.5,2790602
2020-07-20,619.7000122070312,628.2000122070312,612.2999877929688,616.4500122070312,3020859
2020-07-21,622.0,632.5,601.3499755859375,627.4500122070312,8306371
2020-07-22,627.0,627.0,605.9000244140625,609.6500244140625,5164659
2020-07-23,610.9500122070312,623.7000122070312,610.6500244140625,622.7000122070312,2957797
2020-07-24,617.0,624.9000244140625,615.5,622.4000244140625,2789551
2020-07-27,624.5999755859375,637.5,613.5,633.4500122070312,3343985
2020-07-28,636.0,647.5999755859375,633.6500244140625,640.5,4307089
2020-07-29,640.5,642.7000122070312,629.0,637.75,2458334
2020-07-30,639.9500122070312,644.9000244140625,623.9500122070312,635.0999755859375,27847314
2020-07-31,628.7000122070312,637.9000244140625,619.0499877929688,627.0999755859375,3774399
2020-08-03,624.0,624.0,600.5,603.0,3634400
2020-08-04,605.2000122070312,615.9000244140625,600.9500122070312,614.1500244140625,2248809
2020-08-05,616.4500122070312,618.1500244140625,603.2999877929688,605.0,2051992
2020-08-06,608.4000244140625,611.75,602.25,606.9000244140625,2596325
2020-08-07,607.9000244140625,613.8499755859375,605.4500122070312,606.9500122070312,1723752
2020-08-10,616.0,617.9500122070312,607.0,608.8499755859375,2028319
2020-08-11,609.8499755859375,613.9000244140625,606.0999755859375,608.75,1539043
2020-08-12,609.0,617.7000122070312,603.0999755859375,608.75,3419606
2020-08-13,610.0,614.0,598.0,599.75,2164005
2020-08-14,600.0,602.4000244140625,585.6500244140625,587.75,3151495
2020-08-17,591.4000244140625,594.2000122070312,585.9500122070312,589.0999755859375,1335395
2020-08-18,590.5,600.6500244140625,589.0,597.5999755859375,2224729
2020-08-19,600.0,607.9500122070312,598.9500122070312,603.4500122070312,2344923
2020-08-20,599.0,600.0,590.0999755859375,595.0499877929688,1490688
2020-08-21,599.2000122070312,608.9000244140625,596.1500244140625,598.0999755859375,2008763
2020-08-24,599.7999877929688,605.4500122070312,597.0499877929688,598.75,1893376
2020-08-25,599.0,603.5999755859375,593.0,599.7999877929688,1802567
2020-08-26,603.0,603.0,588.6500244140625,592.0499877929688,2950978
2020-08-27,594.2000122070312,600.0,591.1500244140625,596.0499877929688,2947058
2020-08-28,600.0,603.5,588.1500244140625,589.3499755859375,3638604
2020-08-31,594.75,594.75,567.0499877929688,574.7999877929688,3754563
2020-09-01,581.5,586.0,570.75,579.2999877929688,3407301
2020-09-02,581.4000244140625,590.0,576.7999877929688,580.8499755859375,2500786
2020-09-03,583.7000122070312,589.0,579.25,582.2000122070312,1896035
2020-09-04,570.0,581.0,569.0499877929688,574.6500244140625,2618737
2020-09-07,576.5999755859375,594.5,571.1500244140625,591.8499755859375,3374335
2020-09-08,593.5,595.1500244140625,579.5,581.8499755859375,1896544
2020-09-09,588.9000244140625,593.0,582.6500244140625,585.7000122070312,3391865
2020-09-10,589.5999755859375,603.0,587.4000244140625,601.5999755859375,3792160
2020-09-11,608.0,612.7000122070312,601.5999755859375,604.7999877929688,4564379
2020-09-14,610.0,610.0,595.2000122070312,599.4500122070312,2269701
2020-09-15,601.9500122070312,601.9500122070312,591.0499877929688,594.2000122070312,2371832
2020-09-16,594.5,604.9500122070312,592.7999877929688,598.5999755859375,2164876
2020-09-17,593.0999755859375,598.0999755859375,588.2999877929688,591.8499755859375,1532457
2020-09-18,594.0,594.7999877929688,583.5,585.0999755859375,2587272
2020-09-21,587.0,589.7999877929688,577.25,579.3499755859375,1565889
2020-09-22,576.0,587.5,566.2999877929688,579.4000244140625,2359295
2020-09-23,581.25,586.0999755859375,575.5999755859375,580.25,2210606
2020-09-24,574.7999877929688,580.7999877929688,572.7000122070312,577.6500244140625,3043353
2020-09-25,577.2999877929688,580.5,571.25,577.5,2059527
2020-09-28,579.2000122070312,583.2999877929688,577.0499877929688,581.2000122070312,1591462
2020-09-29,586.7999877929688,586.7999877929688,563.75,570.7999877929688,4157096
2020-09-30,571.7999877929688,571.9500122070312,555.9500122070312,559.4000244140625,4906751
2020-10-01,568.0,572.0,562.25,569.2000122070312,1477355
2020-10-05,572.0,576.9500122070312,565.3499755859375,574.75,2490303
2020-10-06,577.5,586.2000122070312,575.75,582.0499877929688,5665979
2020-10-07,585.0,587.1500244140625,575.0,578.9500122070312,2588117
2020-10-08,586.5,586.5,577.0999755859375,583.1500244140625,9288093
2020-10-09,587.0,589.0,568.5999755859375,573.7999877929688,4555998
2020-10-12,576.4500122070312,577.0,560.2000122070312,563.4000244140625,2349521
2020-10-13,564.4000244140625,571.9500122070312,559.7000122070312,566.7000122070312,2122487
2020-10-14,564.9000244140625,574.7999877929688,558.0,572.3499755859375,3958474
2020-10-15,573.0,574.0,560.0499877929688,561.5,1772762
2020-10-16,562.9500122070312,566.25,559.5,561.1500244140625,2117294
2020-10-19,565.9000244140625,574.2999877929688,564.2999877929688,570.5,3362350
2020-10-20,574.5999755859375,581.0,567.0,571.0,6496843
2020-10-21,574.5,577.4500122070312,556.0,562.7000122070312,3457773
2020-10-22,563.0,566.7999877929688,558.1500244140625,561.0999755859375,2967121
2020-10-23,563.0,580.6500244140625,559.6500244140625,564.5,21418349
2020-10-26,566.75,582.6500244140625,563.5,578.6500244140625,8486218
2020-10-27,582.9000244140625,591.5,580.0,587.2999877929688,5959783
2020-10-28,590.75,594.7999877929688,583.6500244140625,586.1500244140625,4062087
2020-10-29,582.0,588.0,580.3499755859375,586.0999755859375,1671983
2020-10-30,590.0,598.2000122070312,584.0,589.75,3789450
2020-11-02,590.7999877929688,594.5,585.5999755859375,587.5,2206055
2020-11-03,590.4000244140625,601.5999755859375,590.0,599.0499877929688,3646651
2020-11-04,591.0999755859375,603.9000244140625,591.0999755859375,594.25,1919838
2020-11-05,600.1500244140625,602.5,590.0,592.0499877929688,2350192
2020-11-06,593.0,598.5999755859375,588.8499755859375,590.5999755859375,1990463
2020-11-09,596.0,599.0,587.75,592.8499755859375,2978907
2020-11-10,595.0,615.0999755859375,590.4000244140625,609.6500244140625,4801645
2020-11-11,616.9500122070312,626.7999877929688,614.25,623.4500122070312,6526986
2020-11-12,623.8499755859375,633.0999755859375,618.4000244140625,630.4000244140625,3555249
2020-11-13,625.0,630.3499755859375,617.9500122070312,627.5,5036293
2020-11-14,638.0,639.2000122070312,633.7000122070312,636.0999755859375,1080124
2020-11-17,638.7000122070312,674.0,635.0,670.0499877929688,9740753
2020-11-18,672.5,676.0999755859375,661.2000122070312,664.7999877929688,3642631
2020-11-19,661.0,670.75,643.0,646.0499877929688,4212122
2020-11-20,647.3499755859375,668.5499877929688,647.3499755859375,663.9000244140625,3045488
2020-11-23,667.2000122070312,674.2999877929688,655.9500122070312,661.2999877929688,3011294
2020-11-24,665.5,666.4000244140625,651.4000244140625,664.1500244140625,2108847
2020-11-25,672.4500122070312,688.5,661.8499755859375,665.0999755859375,6798974
2020-11-26,668.0,675.4000244140625,658.1500244140625,660.7999877929688,3804983
2020-11-27,663.7000122070312,664.0999755859375,642.1500244140625,646.7999877929688,9917761
2020-12-01,653.25,656.0,639.5,641.9000244140625,4569057
2020-12-02,644.0,646.9000244140625,630.2000122070312,636.5,6126982
2020-12-03,626.0999755859375,650.7000122070312,625.0,647.9500122070312,26754679
2020-12-04,652.0,654.9500122070312,640.0999755859375,643.25,4452423
2020-12-07,645.0999755859375,651.4000244140625,641.8499755859375,649.5499877929688,4644396
2020-12-08,652.5499877929688,657.7000122070312,644.0,651.5,4409047
2020-12-09,655.5,656.5,645.0,652.5999755859375,4512763
2020-12-10,656.0999755859375,661.0,645.6500244140625,659.4500122070312,5582666
2020-12-11,663.9000244140625,668.3499755859375,655.25,664.5,6275768
2020-12-14,667.4500122070312,668.0,653.25,655.75,2696137
2020-12-15,659.9000244140625,663.9500122070312,644.75,651.4500122070312,4819043
2020-12-16,655.4000244140625,655.75,647.25,648.7000122070312,2540833
2020-12-17,651.0,661.2000122070312,650.25,654.5499877929688,4660373
2020-12-18,656.2999877929688,656.2999877929688,640.0,654.0999755859375,2540821
2020-12-21,646.0,653.1500244140625,617.4000244140625,629.2000122070312,3004002
2020-12-22,630.0,643.25,620.5999755859375,641.25,3085304
2020-12-23,641.25,649.9000244140625,633.75,648.5999755859375,2940595
2020-12-24,651.7000122070312,663.5999755859375,649.0,657.25,3776278
2020-12-28,661.8499755859375,680.0,657.7000122070312,678.7000122070312,5624012
2020-12-29,683.0,686.3499755859375,670.1500244140625,673.2000122070312,4102480
2020-12-30,679.0,679.0,667.0,675.7000122070312,2886107
2020-12-31,676.7000122070312,679.0,669.5499877929688,676.5,2959814
2021-01-01,676.5,680.7999877929688,675.0,678.4000244140625,1264311
2021-01-04,680.3499755859375,697.5999755859375,680.3499755859375,695.8499755859375,5031655
2021-01-05,691.0999755859375,715.0,690.25,713.75,6955494
2021-01-06,713.0,720.5,705.4000244140625,719.0499877929688,3582162
2021-01-07,720.0,723.7999877929688,702.5,704.2999877929688,3284785
2021-01-08,715.4000244140625,721.9500122070312,708.0999755859375,717.0,2841346
2021-01-11,720.9000244140625,731.0,715.7000122070312,725.0999755859375,3216546
2021-01-12,727.0,727.0,714.2000122070312,718.4000244140625,1607350
2021-01-13,718.4500122070312,724.7000122070312,708.5499877929688,713.25,2639680
2021-01-14,713.0,718.5499877929688,702.5499877929688,706.9000244140625,1995368
2021-01-15,708.4000244140625,717.0,702.2000122070312,704.8499755859375,2417123
2021-01-18,703.0,709.2999877929688,689.0,693.9500122070312,2381523
2021-01-19,695.0,701.5499877929688,693.7000122070312,698.5499877929688,2016585
2021-01-20,700.0,711.8499755859375,700.0,702.9500122070312,2495461
2021-01-21,710.0,711.9000244140625,699.0,700.5,2254977
2021-01-22,702.7000122070312,708.7999877929688,684.0999755859375,687.4000244140625,2644349
2021-01-25,695.0,699.5,665.6500244140625,680.4000244140625,3532317
2021-01-27,685.0,695.0,673.0499877929688,682.8499755859375,3629780
2021-01-28,679.5,683.0499877929688,670.0999755859375,671.7999877929688,1964058
2021-01-29,673.6500244140625,684.9500122070312,668.1500244140625,677.9500122070312,4598451
2021-02-01,678.2999877929688,713.2999877929688,668.5,699.0499877929688,8383807
2021-02-02,710.5,712.0,674.5,681.0499877929688,6702065
2021-02-03,685.0,695.0,679.0,689.2000122070312,2902411
2021-02-04,685.25,690.6500244140625,678.1500244140625,680.4000244140625,3379697
2021-02-05,682.5999755859375,684.9500122070312,672.4000244140625,681.5499877929688,2759333
2021-02-08,685.8499755859375,691.4000244140625,677.25,684.0499877929688,3887493
2021-02-09,688.7000122070312,710.2000122070312,687.9500122070312,704.9000244140625,7331068
2021-02-10,710.0499877929688,723.9000244140625,710.0,719.0499877929688,8514545
2021-02-11,721.0,726.4500122070312,710.2999877929688,714.2000122070312,3044979
2021-02-12,713.9500122070312,720.0,708.25,710.9500122070312,1760221
2021-02-15,713.5,717.3499755859375,694.2000122070312,695.25,3871100
2021-02-16,696.4000244140625,704.0,686.9500122070312,695.3499755859375,3066134
2021-02-17,696.0,711.5,693.0,703.0999755859375,3533494
2021-02-18,703.5,715.9500122070312,702.0,713.4500122070312,2949918
2021-02-19,715.2999877929688,723.4500122070312,703.0999755859375,710.6500244140625,3787638
2021-02-22,711.0,713.6500244140625,688.0499877929688,690.5999755859375,3110151
2021-02-23,693.5,712.8499755859375,690.1500244140625,705.7000122070312,4693570
2021-02-24,712.0499877929688,721.5,697.0,718.7999877929688,2362499
2021-02-25,724.0,744.0,721.0,733.5,5635556
2021-02-26,725.9500122070312,730.9000244140625,693.9500122070312,700.6500244140625,13122512
2021-03-01,711.2999877929688,713.5,700.1500244140625,705.25,2210665
2021-03-02,714.9500122070312,727.7999877929688,706.25,720.7999877929688,2446910
2021-03-03,724.0,731.5,721.0999755859375,727.5,1714037
2021-03-04,721.0,728.5,713.0,720.5,2122634
2021-03-05,723.0,724.75,711.2999877929688,717.25,2140241
2021-03-08,721.9000244140625,736.9500122070312,715.0,722.9500122070312,3203722
2021-03-09,732.0,746.0,732.0,740.2000122070312,5412952
2021-03-10,743.1500244140625,746.0,725.0999755859375,731.3499755859375,2422642
2021-03-12,739.7999877929688,739.7999877929688,710.0,710.7999877929688,3271450
2021-03-15,712.0,715.0,695.5,704.1500244140625,2394116
2021-03-16,707.7000122070312,710.5999755859375,700.0,703.0499877929688,1619213
2021-03-17,706.5,707.0999755859375,687.5,689.7999877929688,2100094
2021-03-18,695.0999755859375,699.25,675.0999755859375,680.8499755859375,2124421
2021-03-19,679.9500122070312,690.0,673.8499755859375,688.4500122070312,3146999
2021-03-22,689.4500122070312,694.75,678.25,679.8499755859375,2585880
2021-03-23,683.8499755859375,689.4500122070312,680.6500244140625,683.5499877929688,2207365
2021-03-24,679.2000122070312,686.8499755859375,675.0499877929688,676.5,1735370
2021-03-25,676.5,677.5499877929688,662.0,667.0,2743208
2021-03-26,672.4000244140625,676.7999877929688,666.5499877929688,671.7000122070312,1761492
2021-03-30,675.5,693.2999877929688,675.0,687.75,3467882
2021-03-31,688.0,697.7999877929688,681.0,696.2000122070312,2368424
2021-04-01,699.7999877929688,704.3499755859375,682.2999877929688,691.0,3443437
2021-04-05,697.9000244140625,698.0,676.0999755859375,682.1500244140625,2074674
2021-04-06,686.4500122070312,701.0499877929688,680.5499877929688,697.1500244140625,1427470
2021-04-07,704.4500122070312,705.0,695.2000122070312,699.8499755859375,2890361
2021-04-08,700.0,706.0,697.2999877929688,701.4500122070312,1817393
2021-04-09,700.0,703.2000122070312,690.5,694.8499755859375,1586783
2021-04-12,685.0,690.0,679.5999755859375,687.2999877929688,3457470
2021-04-13,689.1500244140625,710.7000122070312,685.0,706.0999755859375,4171978
2021-04-15,713.1500244140625,713.7000122070312,688.0,694.4500122070312,2566125
2021-04-16,694.5,701.2999877929688,689.0999755859375,690.6500244140625,2784995
2021-04-19,682.0499877929688,684.4500122070312,661.5499877929688,665.9500122070312,4936620
2021-04-20,670.0999755859375,689.0,670.0999755859375,685.2000122070312,5373233
2021-04-22,672.0,682.7999877929688,672.0,679.0499877929688,2526780
2021-04-23,679.0,691.4000244140625,676.3499755859375,686.3499755859375,3140377
2021-04-26,693.0,708.1500244140625,687.2000122070312,704.4500122070312,3274660
2021-04-27,711.0499877929688,719.0,677.0,678.75,10860187
2021-04-28,682.5,682.5,671.1500244140625,672.5999755859375,4011121
2021-04-29,678.0,681.3499755859375,672.1500244140625,674.6500244140625,3939217
2021-04-30,670.0,678.0,660.7000122070312,665.0999755859375,2742166
2021-05-03,660.0,674.5,657.1500244140625,671.9000244140625,4908079
2021-05-04,677.0,680.8499755859375,665.5,667.8499755859375,4118750
2021-05-05,670.0499877929688,675.7999877929688,667.0,674.4000244140625,2249063
2021-05-06,672.0,679.9000244140625,669.0,671.7999877929688,2269126
2021-05-07,678.0,680.5,671.0499877929688,672.6500244140625,1913550
2021-05-10,670.25,685.9500122070312,670.25,680.0499877929688,4342679
2021-05-11,678.0,681.5,669.9000244140625,671.25,2430724
2021-05-12,671.25,673.9500122070312,665.0999755859375,668.7999877929688,2428984
2021-05-14,679.9000244140625,679.9000244140625,666.4000244140625,670.5999755859375,1580599
2021-05-17,671.5999755859375,675.2999877929688,662.8499755859375,666.2999877929688,2453864
2021-05-18,669.5999755859375,672.7999877929688,666.0,666.7000122070312,1809231
2021-05-19,668.0,671.5999755859375,665.0,666.1500244140625,2252486
2021-05-20,669.0,679.0,665.7000122070312,667.5,4316905
2021-05-21,669.0,674.9000244140625,667.0,670.7000122070312,1629616
2021-05-24,670.7000122070312,673.2999877929688,667.3499755859375,670.25,1785392
2021-05-25,673.7000122070312,674.0,657.0999755859375,659.1500244140625,3425396
2021-05-26,663.5,666.4000244140625,657.1500244140625,658.5,1938680
2021-05-27,661.0499877929688,667.0,657.3499755859375,664.0499877929688,3565457
2021-05-28,665.0,674.4000244140625,662.75,668.9500122070312,3030073
2021-05-31,670.7000122070312,670.7000122070312,662.4500122070312,665.9000244140625,3123672
2021-06-01,668.5999755859375,670.9500122070312,663.6500244140625,665.25,1731330
2021-06-02,664.0,677.9500122070312,662.9000244140625,675.9000244140625,4979822
2021-06-03,679.75,683.2999877929688,676.5999755859375,678.4500122070312,2861563
2021-06-04,678.75,688.75,677.5999755859375,680.9000244140625,2532605
2021-06-07,682.2999877929688,684.5,675.0,680.0999755859375,1746210
2021-06-08,684.0499877929688,692.0,681.0,689.7000122070312,3425861
2021-06-09,695.0,696.9000244140625,681.5,684.9000244140625,3041695
2021-06-10,689.0,691.7000122070312,684.25,689.25,2217208
2021-06-11,689.25,690.1500244140625,681.5499877929688,682.5999755859375,1716481
2021-06-14,682.5999755859375,685.0,674.2999877929688,681.7000122070312,1151855
2021-06-15,681.3499755859375,694.0,680.2999877929688,692.5499877929688,2613877
2021-06-16,696.2000122070312,698.0999755859375,690.0,692.1500244140625,3092360
2021-06-17,685.9500122070312,703.8499755859375,682.2999877929688,700.2999877929688,3796926
2021-06-18,704.0,711.0,692.5999755859375,709.2000122070312,6580504
2021-06-21,707.25,720.0,704.5999755859375,718.75,6100487
2021-06-22,720.0,724.0,713.25,716.75,2451368
2021-06-23,721.0,723.6500244140625,716.3499755859375,717.75,1893116
2021-06-24,715.0,722.4500122070312,712.0499877929688,719.5999755859375,1652982
2021-06-25,722.0,731.5,718.2999877929688,725.9500122070312,2833717
2021-06-28,728.0,728.0,694.2000122070312,696.2000122070312,7428147
2021-06-29,680.25,702.5,680.0499877929688,686.5,30820343
2021-06-30,690.0,695.6500244140625,685.0,686.2999877929688,3432606
2021-07-01,689.5,692.5999755859375,682.7999877929688,685.75,2556547
2021-07-02,689.3499755859375,690.0499877929688,678.8499755859375,687.5,7942326
2021-07-05,690.0,691.0,676.75,677.9000244140625,6776797
2021-07-06,678.5999755859375,687.0,675.0,680.0499877929688,6442552
2021-07-07,680.0,685.7999877929688,678.0,685.2000122070312,3025732
2021-07-08,685.2999877929688,689.2999877929688,678.4000244140625,681.2999877929688,3568036
2021-07-09,680.0,683.9500122070312,677.0,683.25,2570371
2021-07-12,684.5,686.6500244140625,680.0999755859375,682.9500122070312,1383135
2021-07-13,686.5,694.5499877929688,683.5499877929688,693.4000244140625,3119430
2021-07-14,696.0,697.0499877929688,688.0,688.5,2303846
2021-07-15,690.0,699.5,688.0999755859375,693.6500244140625,2774718
2021-07-16,695.9500122070312,702.0,692.1500244140625,698.0,2000951
2021-07-19,696.5,696.5,677.0,678.7000122070312,2866929
2021-07-20,678.7000122070312,681.5,661.9500122070312,663.4500122070312,3629414
2021-07-22,664.0,669.4000244140625,661.0999755859375,662.0999755859375,4062964
2021-07-23,662.0999755859375,667.9500122070312,661.7999877929688,665.3499755859375,2796725
2021-07-26,665.0,665.4000244140625,660.3499755859375,663.0999755859375,2503714
2021-07-27,666.0,674.7999877929688,662.9000244140625,668.75,3512513
2021-07-28,674.4500122070312,674.4500122070312,661.1500244140625,664.8499755859375,2686658
2021-07-29,666.0499877929688,669.9500122070312,661.0,662.6500244140625,1981009
2021-07-30,664.5,672.0,661.3499755859375,664.0499877929688,2640763
2021-08-02,669.0,671.4500122070312,665.4000244140625,670.3499755859375,2613866
2021-08-03,672.0,675.0,666.5999755859375,673.7999877929688,2936646
2021-08-04,676.0,679.6500244140625,672.6500244140625,675.2999877929688,3077649
2021-08-05,678.0,678.0,668.2000122070312,669.5,1985164
2021-08-06,670.0499877929688,675.5,669.0,673.4000244140625,1749643
2021-08-09,674.1500244140625,677.9500122070312,666.0,667.0,1468932
2021-08-10,671.8499755859375,674.5499877929688,663.2999877929688,670.2999877929688,2024406
2021-08-11,669.5999755859375,671.9000244140625,661.3499755859375,666.6500244140625,1361893
2021-08-12,666.5,675.9000244140625,665.4000244140625,674.9500122070312,1822952
2021-08-13,675.0,678.2000122070312,668.5999755859375,670.5,1358720
2021-08-16,670.0,675.5,666.0,673.5499877929688,1058059
2021-08-17,673.0,676.5499877929688,668.0999755859375,669.4000244140625,2151413
2021-08-18,668.9500122070312,675.1500244140625,668.5,671.0499877929688,1968944
2021-08-20,664.0,674.7999877929688,656.0,667.8499755859375,4035337
2021-08-23,670.0,672.7999877929688,662.2999877929688,668.7999877929688,2173978
2021-08-24,671.0,675.4500122070312,668.0999755859375,671.0999755859375,3051984
2021-08-25,675.0999755859375,692.0,673.0,687.5499877929688,7608915
2021-08-26,693.4000244140625,702.0,690.0,698.8499755859375,7671524
2021-08-27,700.3499755859375,707.0,698.8499755859375,704.0999755859375,3396769
2021-08-30,709.0,713.2000122070312,706.0999755859375,712.3499755859375,3023655
2021-08-31,712.3499755859375,719.0,704.0999755859375,717.75,3854510
2021-09-01,720.0,724.5999755859375,707.2999877929688,718.5499877929688,4991772
2021-09-02,722.4500122070312,775.6500244140625,720.0,759.0,16281725
2021-09-03,738.9500122070312,747.75,727.2000122070312,734.4000244140625,15600504
2021-09-06,740.0,743.75,728.7000122070312,736.0499877929688,8084343
2021-09-07,737.0,743.4000244140625,730.5999755859375,734.25,2891731
2021-09-08,739.0,747.0,733.8499755859375,743.6500244140625,3070612
2021-09-09,742.5499877929688,746.1500244140625,735.0,737.3499755859375,2867987
2021-09-13,736.9500122070312,742.7000122070312,723.4500122070312,734.9000244140625,2883674
2021-09-14,737.7999877929688,744.0,736.0999755859375,739.2000122070312,1974670
2021-09-15,740.9000244140625,752.0,740.0,746.2999877929688,3172198
2021-09-16,747.0,756.2000122070312,743.5,755.1500244140625,3209102
2021-09-17,759.0,759.5999755859375,740.0,747.75,11661592
2021-09-20,739.0499877929688,746.9000244140625,727.0,730.1500244140625,1447672
2021-09-21,729.7000122070312,737.7000122070312,724.25,735.7999877929688,1850978
2021-09-22,733.4000244140625,740.0499877929688,731.0,733.0499877929688,1150957
2021-09-23,733.75,735.8499755859375,722.2000122070312,724.6500244140625,2336977
2021-09-24,728.9000244140625,731.2999877929688,720.75,725.7999877929688,2219394
2021-09-27,729.4000244140625,730.25,718.2999877929688,721.0,1906863
2021-09-28,722.0,733.3499755859375,721.5,725.7999877929688,2407512
2021-09-29,724.7000122070312,738.0,721.0,734.75,5200234
2021-09-30,740.0,740.0,720.7000122070312,722.4000244140625,3235673
2021-10-01,720.0,730.5,714.2999877929688,729.4500122070312,1852758
2021-10-04,725.4000244140625,733.3499755859375,725.0,726.6500244140625,1615207
2021-10-05,724.2000122070312,735.9500122070312,722.0499877929688,733.1500244140625,2236948
2021-10-06,736.0,741.7000122070312,724.0,725.6500244140625,1939154
2021-10-07,730.0,732.3499755859375,719.2999877929688,725.3499755859375,2453970
2021-10-08,729.0,731.4500122070312,720.2999877929688,722.0999755859375,1573419
2021-10-11,724.9000244140625,724.9000244140625,714.9000244140625,717.2999877929688,3007329
2021-10-12,716.9000244140625,717.9500122070312,699.0,703.4000244140625,3241303
2021-10-13,704.2999877929688,709.7999877929688,700.0,700.9000244140625,3092746
2021-10-14,702.5,702.7000122070312,693.0,693.7999877929688,4077281
2021-10-18,700.0,706.0499877929688,689.0499877929688,703.5999755859375,4597120
2021-10-19,708.0,709.0499877929688,698.5499877929688,702.7999877929688,2137420
2021-10-20,703.4000244140625,709.5,695.2999877929688,703.4000244140625,2606119
2021-10-21,706.9500122070312,711.0,691.0,694.5499877929688,3427729
2021-10-22,700.0,702.0,678.0,690.75,3533890
2021-10-25,690.75,693.5499877929688,676.5,683.25,2786630
2021-10-26,685.0,695.0,684.0999755859375,690.0499877929688,2616174
2021-10-27,689.9000244140625,699.9500122070312,688.3499755859375,693.8499755859375,2103049
2021-10-28,693.8499755859375,695.7000122070312,680.2000122070312,683.0999755859375,1471621
2021-10-29,682.5,689.0,675.5,680.4500122070312,2021722
2021-11-01,680.4500122070312,693.4500122070312,680.3499755859375,689.7999877929688,1575508
2021-11-02,694.0,697.6500244140625,691.25,692.6500244140625,1898373
2021-11-03,695.0499877929688,698.5,685.7999877929688,692.2999877929688,1256308
2021-11-04,699.9000244140625,699.9000244140625,695.0,696.4000244140625,409164
2021-11-08,702.5,704.9500122070312,692.0,703.25,2429656
2021-11-09,709.7000122070312,709.9500122070312,698.7999877929688,706.4500122070312,2647708
2021-11-10,705.5,708.0,700.5999755859375,706.5,2077910
2021-11-11,706.0,706.9000244140625,700.1500244140625,702.5999755859375,1102633
2021-11-12,708.8499755859375,722.0,704.7999877929688,720.5999755859375,5345270
2021-11-15,723.9500122070312,723.9500122070312,711.2000122070312,714.5999755859375,1917369
2021-11-16,718.0,719.4000244140625,711.25,713.5999755859375,1900114
2021-11-17,714.2000122070312,722.4000244140625,708.4000244140625,711.0499877929688,2453920
2021-11-18,711.0499877929688,715.0,702.2999877929688,704.5,1708655
2021-11-22,706.9000244140625,709.75,684.2999877929688,688.8499755859375,2109072
2021-11-23,688.7999877929688,699.4000244140625,686.0,695.4000244140625,2081366
2021-11-24,698.4000244140625,704.4500122070312,682.8499755859375,687.2000122070312,2093430
2021-11-25,690.0,694.5,685.5,688.7999877929688,1943112
2021-11-26,685.0,689.0,667.0999755859375,670.6500244140625,2236662
2021-11-29,669.5999755859375,686.0,658.7999877929688,683.6500244140625,4901166
2021-11-30,682.0,689.75,672.6500244140625,680.7999877929688,11535239
2021-12-01,680.0,695.0,678.0499877929688,693.8499755859375,3209799
2021-12-02,696.0,706.75,694.0,705.2999877929688,2331496
2021-12-03,707.25,707.25,688.1500244140625,690.9500122070312,1878712
2021-12-06,691.0,693.75,682.5,684.2000122070312,1393577
2021-12-07,688.0,696.2000122070312,683.8499755859375,694.4000244140625,2459318
2021-12-08,698.0999755859375,698.8499755859375,684.7000122070312,686.4000244140625,3678237
2021-12-09,689.9000244140625,690.2999877929688,681.2000122070312,683.1500244140625,1650779
2021-12-10,684.9000244140625,686.0,680.25,684.75,1011025
2021-12-13,685.0,688.4000244140625,673.0,674.4000244140625,2026297
2021-12-14,678.0,678.0,665.6500244140625,669.5,2093071
2021-12-15,670.0,675.2999877929688,665.0999755859375,672.8499755859375,1981529
2021-12-16,674.2000122070312,677.4500122070312,667.9500122070312,669.5,1404782
2021-12-17,667.0,669.9500122070312,654.4000244140625,656.5999755859375,2377387
2021-12-20,654.0,654.0,627.0,633.5999755859375,2473370
2021-12-21,640.0,643.9500122070312,633.0,638.75,1640601
2021-12-22,640.0499877929688,643.2999877929688,636.0,639.9000244140625,1212183
2021-12-23,641.0499877929688,644.5999755859375,636.7999877929688,640.5,2150523
2021-12-24,641.2000122070312,643.0,634.1500244140625,637.3499755859375,1183083
2021-12-27,635.0,642.3499755859375,630.0999755859375,639.75,1185438
2021-12-28,641.75,643.6500244140625,639.0,642.2999877929688,1217603
2021-12-29,645.0,646.75,639.0999755859375,644.75,1505964
2021-12-30,644.75,645.3499755859375,640.0999755859375,640.9000244140625,1280995
2021-12-31,645.3499755859375,655.0,642.1500244140625,649.5499877929688,1592842
2022-01-03,654.0,654.6500244140625,646.2999877929688,650.5,1892087
2022-01-04,652.4000244140625,655.0,649.0499877929688,653.1500244140625,2293391
2022-01-05,655.0,658.25,650.6500244140625,653.5499877929688,3326875
2022-01-06,651.0,651.9500122070312,644.9000244140625,646.9000244140625,2548339
2022-01-07,647.0,662.9500122070312,646.0,660.2999877929688,2168995
2022-01-10,666.0,669.7000122070312,660.0,662.9500122070312,1480419
2022-01-11,662.9500122070312,665.9000244140625,656.25,658.1500244140625,1484964
2022-01-12,658.2999877929688,674.25,658.2999877929688,673.25,2091488
2022-01-13,673.9000244140625,676.4000244140625,668.4000244140625,670.3499755859375,1807858
2022-01-14,668.0,674.8499755859375,666.2000122070312,671.4500122070312,1292789
2022-01-17,671.0,675.5499877929688,668.0,674.1500244140625,1255654
2022-01-18,678.0,678.7999877929688,666.75,669.0999755859375,979679
2022-01-19,665.0,667.4000244140625,652.25,656.0499877929688,1945857
2022-01-20,654.5999755859375,660.5999755859375,647.5499877929688,649.4500122070312,1429228
2022-01-21,645.0,646.9500122070312,633.3499755859375,641.4500122070312,2963518
2022-01-24,639.8499755859375,639.8499755859375,619.0999755859375,627.5999755859375,2628472
2022-01-25,627.2000122070312,633.5,617.0,630.7999877929688,1827902
2022-01-27,625.7999877929688,625.9000244140625,617.1500244140625,621.5,1914985
2022-01-28,621.3499755859375,632.9000244140625,619.0499877929688,620.4500122070312,1317526
2022-01-31,625.5,627.5,615.4500122070312,622.4500122070312,4374943
2022-02-01,626.25,638.5499877929688,617.5999755859375,623.9000244140625,4159628
2022-02-02,624.0999755859375,645.7999877929688,624.0999755859375,644.1500244140625,2989002
2022-02-03,646.0499877929688,647.2999877929688,631.0499877929688,634.4000244140625,2076930
2022-02-04,637.0,637.0,622.0999755859375,624.3499755859375,1909456
2022-02-07,620.0999755859375,623.7000122070312,600.0,603.25,3030728
2022-02-08,606.4000244140625,607.8499755859375,594.0,600.4500122070312,1954492
2022-02-09,606.75,606.75,596.0999755859375,600.2000122070312,2644690
2022-02-10,600.2000122070312,611.5,590.4500122070312,606.25,6231536
2022-02-11,600.7000122070312,601.5,593.0,595.3499755859375,2557745
2022-02-14,588.0,589.7999877929688,555.0,557.2999877929688,7168038
2022-02-15,564.0,574.5,551.5999755859375,573.5999755859375,4282324
2022-02-16,577.0,592.9000244140625,576.2999877929688,586.3499755859375,6991082
2022-02-17,586.0999755859375,595.4000244140625,581.25,592.5999755859375,3542326
2022-02-18,590.0,597.5,587.4500122070312,590.9500122070312,2613689
2022-02-21,583.5499877929688,589.4000244140625,576.5499877929688,582.0,2415405
2022-02-22,577.0,577.0,565.0,572.75,2952243
2022-02-23,572.75,578.0,565.5,569.0499877929688,1929381
2022-02-24,559.0,560.0,529.0499877929688,532.9500122070312,5515851
2022-02-25,540.0,545.5499877929688,533.8499755859375,538.9000244140625,5087685
2022-02-28,532.0,532.5,520.25,523.2000122070312,10669560
2022-03-02,518.0,563.0,509.04998779296875,560.7999877929688,41081069
2022-03-03,560.75,563.5,530.25,531.75,5811568
2022-03-04,528.9000244140625,528.9000244140625,514.25,521.5,4687979
2022-03-07,505.0,520.0,498.0,503.5,9156126
2022-03-08,500.0,514.9500122070312,497.04998779296875,513.0499877929688,7443036
2022-03-09,517.0,523.0,508.0,514.7000122070312,4515965
2022-03-10,524.0,529.75,515.8499755859375,521.2999877929688,5059007
2022-03-11,518.5499877929688,524.2000122070312,514.75,518.7999877929688,2924919
2022-03-14,520.0,521.1500244140625,510.04998779296875,512.4500122070312,4517379
2022-03-15,512.4500122070312,519.7999877929688,502.75,504.70001220703125,4513513
2022-03-16,507.04998779296875,521.3499755859375,507.04998779296875,517.2999877929688,6339842
2022-03-17,523.0,532.9000244140625,520.5,530.1500244140625,11303983
2022-03-21,532.7999877929688,534.2999877929688,520.25,522.3499755859375,4064003
2022-03-22,523.5,530.5,516.5,529.2999877929688,3457606
2022-03-23,531.9000244140625,534.0,524.1500244140625,525.8499755859375,2654149
2022-03-24,524.0,526.0,519.0,522.3499755859375,3192575
2022-03-25,524.0999755859375,528.0,517.8499755859375,519.5499877929688,2874297
2022-03-28,516.0999755859375,520.7000122070312,505.1000061035156,512.5999755859375,4968964
2022-03-29,517.0,525.7000122070312,514.4000244140625,523.0,3428962
2022-03-30,526.0,543.3499755859375,526.0,542.2999877929688,6695548
2022-03-31,542.9500122070312,550.25,533.9000244140625,538.2000122070312,5976662
2022-04-01,538.0,551.4000244140625,536.4000244140625,550.3499755859375,3675121
2022-04-04,560.0,597.5499877929688,553.7999877929688,571.7999877929688,23976331
2022-04-05,572.0,575.6500244140625,567.0,569.6500244140625,4898169
2022-04-06,567.0,568.0,553.75,555.8499755859375,5626902
2022-04-07,560.0,560.5499877929688,552.8499755859375,559.0,3159512
2022-04-08,558.9500122070312,566.8499755859375,553.7999877929688,564.7999877929688,3232920
2022-04-11,564.9500122070312,571.7000122070312,560.5999755859375,567.4000244140625,3034500
2022-04-12,566.5,572.7999877929688,560.4500122070312,562.2999877929688,4518691
2022-04-13,565.0,568.75,562.0,564.8499755859375,2313264
2022-04-18,560.5,576.8499755859375,555.25,574.2999877929688,5765896
2022-04-19,576.9000244140625,579.9000244140625,542.0,546.7000122070312,2958108
2022-04-20,548.0,560.75,541.0,559.2999877929688,3278202
2022-04-21,560.5,575.7000122070312,557.0499877929688,570.9500122070312,3111307
2022-04-22,568.9000244140625,568.9000244140625,552.0,554.0499877929688,2703271
2022-04-25,552.0,552.0,536.0,540.0,3225681
2022-04-26,541.0999755859375,556.0,537.9500122070312,549.8499755859375,4153518
2022-04-27,552.0,558.4500122070312,537.25,547.6500244140625,4744055
2022-04-28,550.9000244140625,575.3499755859375,546.5,571.4000244140625,14954957
2022-04-29,575.3499755859375,594.0,573.2000122070312,582.4000244140625,8916828
2022-05-02,577.4500122070312,585.75,574.7000122070312,579.8499755859375,3025011
2022-05-04,570.2999877929688,580.5499877929688,564.4000244140625,567.5999755859375,3587834
2022-05-05,570.5,577.4000244140625,563.5,569.75,3860357
2022-05-06,555.0,573.75,555.0,565.9500122070312,3969111
2022-05-09,558.1500244140625,569.0,557.5,563.8499755859375,2774773
2022-05-10,561.0,572.9000244140625,558.0,559.2000122070312,3953646
2022-05-11,559.5,575.7000122070312,559.5,563.5499877929688,4283207
2022-05-12,560.0999755859375,564.6500244140625,544.2999877929688,547.25,3079554
2022-05-13,555.0,565.8499755859375,548.0499877929688,550.75,3154166
2022-05-16,552.0999755859375,557.75,544.2000122070312,549.7000122070312,1260662
2022-05-17,549.8499755859375,556.8499755859375,542.5,554.8499755859375,2057634
2022-05-18,555.0,558.5499877929688,547.5499877929688,550.0,2377852
2022-05-19,542.5,547.4000244140625,525.4000244140625,528.7000122070312,3998270
2022-05-20,534.0,547.3499755859375,532.0,544.7000122070312,2607708
2022-05-23,544.0,556.2000122070312,542.6500244140625,551.1500244140625,3094798
2022-05-24,551.1500244140625,556.0,545.6500244140625,552.9000244140625,3835802
2022-05-25,557.7000122070312,571.5499877929688,556.5999755859375,569.0999755859375,5339885
2022-05-26,568.0999755859375,581.0,563.1500244140625,578.0499877929688,3444955
2022-05-27,582.0,604.2999877929688,577.4000244140625,598.0999755859375,8795852
2022-05-30,605.6500244140625,613.4000244140625,599.2999877929688,608.9000244140625,5399271
2022-05-31,607.0,607.5,596.0999755859375,598.9500122070312,5609885
2022-06-01,598.9500122070312,609.0,596.6500244140625,607.1500244140625,4893225
2022-06-02,604.0,609.5499877929688,591.2000122070312,607.9000244140625,5252011
2022-06-03,613.0,617.4500122070312,600.2999877929688,602.7000122070312,3679222
2022-06-06,601.9500122070312,614.5,601.0499877929688,606.0999755859375,3348790
2022-06-07,607.0,607.1500244140625,593.0499877929688,605.2999877929688,1652408
2022-06-08,602.2999877929688,608.9000244140625,596.0499877929688,599.9500122070312,2129427
2022-06-09,595.5,606.9000244140625,592.0,604.9000244140625,2320898
2022-06-10,601.7999877929688,603.7999877929688,591.5499877929688,593.0999755859375,1988641
2022-06-13,581.5499877929688,590.0,579.5499877929688,582.0,2280937
2022-06-14,580.0,584.6500244140625,570.1500244140625,572.4000244140625,4065780
2022-06-15,577.0,582.2000122070312,571.1500244140625,579.75,2601467
2022-06-16,582.0,585.8499755859375,567.6500244140625,570.5499877929688,2366283
2022-06-17,564.0,572.0,547.4000244140625,550.7999877929688,5050203
2022-06-20,551.0,558.4500122070312,545.8499755859375,553.1500244140625,1278783
2022-06-21,555.4000244140625,565.7999877929688,555.0,564.4500122070312,982122
2022-06-22,561.0,563.8499755859375,550.3499755859375,551.7999877929688,1215189
2022-06-23,553.0999755859375,560.0,549.6500244140625,558.0999755859375,1592871
2022-06-24,558.1500244140625,565.2999877929688,558.1500244140625,561.4500122070312,1021604
2022-06-27,564.25,572.5,556.5999755859375,558.0,2738127
2022-06-28,559.9500122070312,569.0,549.3499755859375,565.9500122070312,2194297
2022-06-29,558.5,561.5499877929688,538.75,541.25,4268386
2022-06-30,540.5,556.0,537.5999755859375,550.0,6228299
2022-07-01,549.9500122070312,567.2999877929688,540.5499877929688,565.4500122070312,2052291
2022-07-04,565.4500122070312,575.5,563.0999755859375,574.2999877929688,1488372
2022-07-05,581.0,581.2000122070312,563.25,564.8499755859375,2528269
2022-07-06,563.25,571.9000244140625,555.0,557.4500122070312,3309296
2022-07-07,563.7999877929688,565.6500244140625,551.2000122070312,554.5999755859375,4548159
2022-07-08,558.0,558.8499755859375,543.4500122070312,545.3499755859375,3509988
2022-07-11,543.0,549.0999755859375,540.2000122070312,546.6500244140625,1848324
2022-07-12,546.5499877929688,546.6500244140625,537.4500122070312,539.75,2088278
2022-07-13,542.4500122070312,545.75,538.5499877929688,539.5,1169625
2022-07-14,540.7999877929688,543.4500122070312,532.5999755859375,537.1500244140625,1770641
2022-07-15,537.0999755859375,541.7000122070312,534.0,539.9000244140625,1079168
2022-07-18,544.4000244140625,545.9500122070312,540.4500122070312,542.75,1543573
2022-07-19,541.0,544.7999877929688,535.0,535.9000244140625,4654412
2022-07-20,540.0,541.0999755859375,522.0,525.2000122070312,9053768
2022-07-21,525.2999877929688,532.3499755859375,519.0499877929688,529.0999755859375,5528757
2022-07-22,530.0,536.9500122070312,528.5499877929688,535.0,2944287
2022-07-25,534.0,536.0,526.0,526.75,3800562
2022-07-26,525.0,531.0,520.0999755859375,522.5499877929688,7812371
2022-07-27,525.0,532.5499877929688,520.0499877929688,521.25,8672870
2022-07-28,524.0,536.0,519.6500244140625,531.5999755859375,11504269
2022-07-29,540.0,560.0,534.2000122070312,555.5,14236016
2022-08-01,560.0,560.2000122070312,544.4000244140625,546.0499877929688,4482787
2022-08-02,545.0,545.0,534.6500244140625,538.5,5856552
2022-08-03,540.0,540.5499877929688,526.5,535.3499755859375,4152018
2022-08-04,536.2999877929688,539.4000244140625,529.4000244140625,534.9000244140625,4868831
2022-08-05,537.5999755859375,545.5499877929688,536.5499877929688,539.25,5466554
2022-08-08,541.0,543.4000244140625,535.7999877929688,536.75,2560379
2022-08-10,538.4000244140625,543.9500122070312,537.0,540.9000244140625,3597072
2022-08-11,543.6500244140625,545.5,539.25,541.5499877929688,2333537
2022-08-12,542.0,548.3499755859375,540.1500244140625,544.9500122070312,2904816
2022-08-16,547.7000122070312,572.9000244140625,546.0,570.5999755859375,9780995
2022-08-17,572.0,591.7000122070312,570.0,589.3499755859375,8775717
2022-08-18,590.2000122070312,598.9500122070312,583.0,586.75,7123366
2022-08-19,586.5,594.4000244140625,573.7999877929688,576.6500244140625,3992396
2022-08-22,576.6500244140625,576.6500244140625,565.5999755859375,566.6500244140625,2575136
2022-08-23,560.0,571.2999877929688,560.0,565.8499755859375,2725513
2022-08-24,567.9000244140625,574.25,563.1500244140625,566.6500244140625,3475352
2022-08-25,569.5,579.75,568.3499755859375,571.0499877929688,2146845
2022-08-26,574.9000244140625,581.5,564.3499755859375,566.9000244140625,4009744
2022-08-29,555.0,565.0,554.0999755859375,560.9500122070312,2582228
2022-08-30,563.5,576.5,562.1500244140625,575.2000122070312,3057037
2022-09-01,576.8499755859375,581.0,569.0499877929688,575.5999755859375,3491926
2022-09-02,575.0,586.0999755859375,571.25,574.8499755859375,3282784
2022-09-05,574.0,578.8499755859375,570.0499877929688,573.6500244140625,1218242
2022-09-06,576.4000244140625,580.7999877929688,571.6500244140625,573.5,3339197
2022-09-07,570.0,578.5,568.9000244140625,576.9500122070312,3210212
2022-09-08,579.8499755859375,586.0,578.0,584.3499755859375,2397242
2022-09-09,586.0,588.9000244140625,575.0,575.9500122070312,1230807
2022-09-12,578.0,584.0,572.7999877929688,578.5499877929688,2014300
2022-09-13,605.0,605.9000244140625,585.0,587.0499877929688,10170913
2022-09-14,580.0,586.2000122070312,575.0499877929688,576.3499755859375,3032306
2022-09-15,578.4000244140625,583.4000244140625,566.0999755859375,566.75,2651988
2022-09-16,568.0,568.8499755859375,544.9000244140625,546.75,7125860
2022-09-19,550.0,557.0,543.0,548.0999755859375,4657454
2022-09-20,550.7999877929688,564.5499877929688,547.2000122070312,559.75,8499419
2022-09-21,558.0,561.7999877929688,549.5,551.4000244140625,2075187
2022-09-22,545.0999755859375,551.4500122070312,540.0999755859375,545.7999877929688,3493307
2022-09-23,542.75,545.0,537.0999755859375,539.4500122070312,2118150
2022-09-26,535.0,536.4500122070312,520.0,522.75,3974804
2022-09-27,525.4000244140625,526.9000244140625,515.25,520.8499755859375,2994372
2022-09-28,518.3499755859375,520.25,510.0,514.4500122070312,3564554
2022-09-29,518.0,529.75,517.0,528.0,5428542
2022-09-30,526.0,532.4000244140625,521.5,530.4500122070312,3216079
2022-10-03,530.5499877929688,530.5499877929688,518.0499877929688,518.7000122070312,2951085
2022-10-04,522.2000122070312,533.0999755859375,522.2000122070312,531.9500122070312,2257640
2022-10-06,535.0,539.2000122070312,528.7999877929688,529.6500244140625,3033739
2022-10-07,529.9500122070312,533.5,525.9000244140625,526.8499755859375,2762228
2022-10-10,525.7999877929688,534.5,520.0,533.2000122070312,2979552
2022-10-11,534.0,535.0,521.2999877929688,522.5499877929688,2358152
2022-10-12,520.0999755859375,528.5999755859375,520.0999755859375,526.5999755859375,1768526
2022-10-13,525.0,526.0,518.0,520.6500244140625,1463375
2022-10-14,534.4000244140625,534.4000244140625,521.7999877929688,523.0,2214367
2022-10-17,522.0,525.9000244140625,518.5999755859375,523.75,1486039
2022-10-18,526.0999755859375,532.4000244140625,523.75,531.25,2757284
2022-10-19,533.2000122070312,535.4000244140625,529.2999877929688,531.5499877929688,2135162
2022-10-20,531.0,538.0,527.0,537.2000122070312,2285817
2022-10-21,539.9000244140625,548.2999877929688,536.7000122070312,541.9500122070312,4221644
2022-10-24,546.7999877929688,547.0,539.7000122070312,541.5499877929688,389166
2022-10-25,544.3499755859375,544.7999877929688,531.5,533.4500122070312,2362781
2022-10-27,533.0,537.9500122070312,529.6500244140625,533.0,4849578
2022-10-28,532.7000122070312,536.5,528.2999877929688,530.0999755859375,1207153
2022-10-31,532.7999877929688,541.2999877929688,532.0999755859375,540.4500122070312,1625350
2022-11-01,543.0499877929688,550.9000244140625,539.9000244140625,544.5499877929688,2726938
2022-11-02,545.8499755859375,548.1500244140625,540.1500244140625,542.25,1479779
2022-11-03,540.4000244140625,548.2999877929688,538.1500244140625,545.4000244140625,1782757
2022-11-04,545.4000244140625,546.9000244140625,536.5,539.2999877929688,1514523
2022-11-07,540.0,543.5,534.7000122070312,536.0,2976001
2022-11-09,536.75,538.2000122070312,530.9000244140625,531.75,2253327
2022-11-10,531.75,534.5,527.0,528.25,1377280
2022-11-11,535.0,553.0,532.4500122070312,542.6500244140625,6425663
2022-11-14,545.0,545.2000122070312,536.3499755859375,538.8499755859375,2050388
2022-11-15,539.7999877929688,540.9500122070312,530.1500244140625,532.9000244140625,2529334
2022-11-16,527.0999755859375,532.1500244140625,525.5999755859375,528.0999755859375,2993826
2022-11-17,528.5499877929688,535.5499877929688,525.0499877929688,531.2000122070312,2836626
2022-11-18,533.0,534.75,528.0499877929688,531.5499877929688,1947066
2022-11-21,531.5,534.9000244140625,528.5499877929688,532.3499755859375,2063314
2022-11-22,533.7999877929688,540.5999755859375,532.2999877929688,539.9500122070312,2913409
2022-11-23,542.6500244140625,549.0999755859375,541.0,547.6500244140625,5516902
2022-11-24,551.9000244140625,573.5499877929688,550.0999755859375,572.5499877929688,10593189
2022-11-25,575.0,590.0,574.0,586.5999755859375,9556330
2022-11-28,584.7000122070312,593.0,582.1500244140625,586.0,5799007
2022-11-29,583.5,587.5,582.5499877929688,584.8499755859375,3215187
2022-11-30,586.2000122070312,593.0,585.0499877929688,590.5999755859375,3502958
2022-12-01,590.5999755859375,600.9000244140625,589.0999755859375,596.4500122070312,3187533
2022-12-02,594.9500122070312,594.9500122070312,586.9500122070312,589.8499755859375,2788220
2022-12-05,591.9000244140625,593.7999877929688,584.7999877929688,588.9000244140625,2199625
2022-12-06,588.0,595.4000244140625,585.0999755859375,586.7999877929688,2751347
2022-12-07,590.9000244140625,590.9000244140625,580.0999755859375,581.7999877929688,2831232
2022-12-08,580.0,580.7999877929688,573.5,577.5,3171602
2022-12-09,581.0,581.9000244140625,571.5499877929688,579.5999755859375,3243513
2022-12-12,575.2000122070312,578.0,571.5499877929688,576.5,1747003
2022-12-13,578.2000122070312,583.7999877929688,577.2999877929688,582.3499755859375,3212182
2022-12-14,583.0,585.5499877929688,579.0999755859375,580.3499755859375,2800824
2022-12-15,582.9000244140625,587.25,576.1500244140625,580.2000122070312,1991517
2022-12-16,579.2000122070312,585.7000122070312,573.5999755859375,575.2000122070312,2787126
2022-12-19,574.9500122070312,586.75,574.2000122070312,584.4500122070312,1960076
2022-12-20,583.0,585.0,578.5499877929688,579.7999877929688,2166279
2022-12-21,585.0,589.9000244140625,571.2999877929688,575.4000244140625,2694392
2022-12-22,576.4000244140625,582.7999877929688,574.0,577.8499755859375,3424491
2022-12-23,574.9500122070312,578.9500122070312,564.1500244140625,565.4500122070312,3234932
2022-12-26,562.5,570.75,562.5,569.2999877929688,1962030
2022-12-27,572.0,574.2000122070312,567.4500122070312,569.7999877929688,1511387
2022-12-28,569.7000122070312,571.75,566.3499755859375,568.2000122070312,1452719
2022-12-29,566.0,573.2000122070312,559.1500244140625,571.0,3393061
2022-12-30,572.0499877929688,573.0,565.2000122070312,566.25,1690896
2023-01-02,565.0,571.4000244140625,561.25,570.2999877929688,841928
2023-01-03,570.0,600.0,569.5,595.5999755859375,10096217
2023-01-04,599.0,609.9000244140625,595.0,598.5999755859375,7722662
2023-01-05,600.0,612.4000244140625,598.0,609.4500122070312,5704967
2023-01-06,608.0,620.5999755859375,605.6500244140625,611.6500244140625,5415866
2023-01-09,615.0499877929688,618.0499877929688,601.75,608.4500122070312,3969535
2023-01-10,608.5,613.0499877929688,599.5499877929688,600.2000122070312,4073524
2023-01-11,600.0,605.5499877929688,594.3499755859375,599.8499755859375,3576811
2023-01-12,602.4500122070312,605.7999877929688,594.5999755859375,598.4000244140625,2358813
2023-01-13,599.4500122070312,607.5999755859375,596.3499755859375,604.5,3272285
2023-01-16,605.0,612.5999755859375,599.8499755859375,604.2000122070312,2170216
2023-01-17,607.0,610.5999755859375,601.2000122070312,609.4500122070312,1807515
2023-01-18,610.0,610.0499877929688,598.4500122070312,601.0499877929688,3291651
2023-01-19,601.1500244140625,611.0,600.75,605.25,3615736
2023-01-20,608.0,608.4000244140625,588.25,590.5499877929688,4255202
2023-01-23,595.0,596.4500122070312,585.2000122070312,589.2000122070312,3884783
2023-01-24,591.0,594.75,588.1500244140625,589.5499877929688,2219052
2023-01-25,590.0,591.75,580.0999755859375,585.0499877929688,1443501
2023-01-27,586.4500122070312,593.9000244140625,578.0499877929688,587.7000122070312,3632289
2023-01-30,586.7999877929688,592.3499755859375,583.2999877929688,587.9500122070312,2843943
2023-01-31,587.9500122070312,589.5,572.9500122070312,578.8499755859375,3073978
2023-02-01,582.9000244140625,584.6500244140625,502.3500061035156,515.7000122070312,22671272
2023-02-02,499.0,505.25,483.04998779296875,492.70001220703125,17269387
2023-02-03,496.0,499.0,481.0,488.8999938964844,10593983
2023-02-06,487.0,489.75,473.70001220703125,482.04998779296875,7441590
2023-02-07,483.8999938964844,491.5,482.0,482.95001220703125,7117626
2023-02-08,484.79998779296875,510.29998779296875,483.5,508.54998779296875,10571918
2023-02-09,508.54998779296875,522.7000122070312,502.20001220703125,518.6500244140625,9516815
2023-02-10,519.7999877929688,528.4000244140625,518.2999877929688,522.5499877929688,7239045
2023-02-13,522.5499877929688,526.0,512.1500244140625,514.5,3063664
2023-02-14,515.4000244140625,517.4500122070312,507.6499938964844,512.0499877929688,2233957
2023-02-15,510.75,520.0,509.6499938964844,519.0999755859375,2497424
2023-02-16,519.0,522.0,512.7000122070312,514.5999755859375,1983991
2023-02-17,514.5499877929688,514.5499877929688,501.5,504.25,4312084
2023-02-20,506.29998779296875,522.75,500.25,507.95001220703125,6129396
2023-02-21,510.8999938964844,514.7999877929688,500.04998779296875,501.04998779296875,2669387
2023-02-22,500.6000061035156,501.75,492.5,494.45001220703125,2728046
2023-02-23,494.45001220703125,494.95001220703125,486.1499938964844,486.8500061035156,4158416
2023-02-24,488.5,490.0,482.0,482.8500061035156,2436219
2023-02-27,482.8500061035156,490.8999938964844,478.0,488.70001220703125,2587409
2023-02-28,490.8999938964844,491.70001220703125,484.54998779296875,488.79998779296875,3271808
2023-03-01,488.8999938964844,490.8500061035156,484.3999938964844,489.75,1591916
2023-03-02,490.0,491.25,481.6499938964844,482.79998779296875,2618651
2023-03-03,485.29998779296875,492.54998779296875,481.6000061035156,489.95001220703125,2983486
2023-03-06,492.0,496.75,489.0,490.1499938964844,3007451
2023-03-08,490.0,496.3500061035156,488.0,495.20001220703125,5589817
2023-03-09,495.0,496.6000061035156,490.0,491.25,2336282
2023-03-10,487.54998779296875,491.1499938964844,484.20001220703125,490.25,2383642
2023-03-13,490.0,495.5,477.29998779296875,478.95001220703125,2849642
2023-03-14,480.45001220703125,485.3500061035156,468.75,470.54998779296875,8530038
2023-03-15,473.04998779296875,478.45001220703125,465.1000061035156,466.70001220703125,6095528
2023-03-16,466.70001220703125,469.0,457.79998779296875,461.3999938964844,6790599
2023-03-17,464.04998779296875,477.29998779296875,464.0,471.25,7640040
2023-03-20,470.0,471.3999938964844,458.1000061035156,465.25,3937830
2023-03-21,467.0,484.0,466.5,482.75,4363583
2023-03-22,483.0,498.5,483.0,497.45001220703125,5604187
2023-03-23,497.45001220703125,505.0,494.1499938964844,498.54998779296875,4489138
2023-03-24,494.5,501.8999938964844,481.6000061035156,492.25,6424544
2023-03-27,486.6499938964844,499.45001220703125,486.6499938964844,492.95001220703125,2412510
2023-03-28,495.45001220703125,498.5,486.8500061035156,489.70001220703125,2494157
2023-03-29,491.29998779296875,498.0,486.70001220703125,495.95001220703125,3137010
2023-03-31,497.0,501.20001220703125,495.0,499.20001220703125,3459342
2023-04-03,502.04998779296875,508.5,501.25,503.70001220703125,2394944
2023-04-05,503.70001220703125,511.95001220703125,503.70001220703125,507.75,4270479
2023-04-06,506.1000061035156,516.9000244140625,505.25,514.6500244140625,2416882
2023-04-10,514.6500244140625,520.2999877929688,511.6499938964844,513.7000122070312,2375216
2023-04-11,516.7999877929688,522.7999877929688,512.75,513.5499877929688,3671457
2023-04-12,514.0,518.4500122070312,509.54998779296875,517.0499877929688,1950603
2023-04-13,519.6500244140625,533.5,518.5,531.8499755859375,4153200
2023-04-17,542.5,542.5,529.2999877929688,533.4000244140625,3417617
2023-04-18,537.0,540.0,529.5,532.2999877929688,2514020
2023-04-19,532.5,532.9500122070312,523.3499755859375,524.7999877929688,1622301
2023-04-20,525.0,531.5999755859375,522.7999877929688,530.25,1561641
2023-04-21,536.0,541.25,511.3999938964844,513.2999877929688,4452849
2023-04-24,551.0,555.5499877929688,532.0,547.5499877929688,23496385
2023-04-25,546.1500244140625,546.8499755859375,528.0,529.75,6700461
2023-04-26,529.0,536.9000244140625,528.5999755859375,531.5999755859375,4165761
2023-04-27,530.0999755859375,530.0999755859375,516.0499877929688,517.8499755859375,7978904
2023-04-28,517.0999755859375,531.0,516.4500122070312,529.75,4031679
2023-05-02,530.0,545.8499755859375,529.5499877929688,544.5,4239067
2023-05-03,544.0,547.8499755859375,535.0999755859375,538.7000122070312,2875460
2023-05-04,539.7999877929688,549.75,536.5499877929688,546.5,2312821
2023-05-05,543.0,548.75,537.5,539.7000122070312,2159574
2023-05-08,542.0,551.0,540.0,549.5499877929688,1970280
2023-05-09,552.5,557.4500122070312,549.5999755859375,552.0499877929688,1927306
2023-05-10,553.4000244140625,563.5,551.1500244140625,562.6500244140625,3191516
2023-05-11,562.0499877929688,569.4000244140625,561.0499877929688,567.4000244140625,1620276
2023-05-12,567.4000244140625,569.0,558.6500244140625,560.6500244140625,1433810
2023-05-15,559.9000244140625,563.0499877929688,556.2999877929688,559.2999877929688,1984609
2023-05-16,562.2000122070312,563.5,554.0,559.5,3027008
2023-05-17,562.0,562.75,552.4000244140625,560.0999755859375,1395385
2023-05-18,564.0,568.7999877929688,559.2999877929688,561.5499877929688,1745334
2023-05-19,564.9000244140625,564.9000244140625,554.9500122070312,557.5999755859375,1484899
2023-05-22,557.0,569.2000122070312,554.5,567.0,1975841
2023-05-23,567.7000122070312,573.75,561.1500244140625,562.7000122070312,3425506
2023-05-24,562.5999755859375,571.9500122070312,558.9000244140625,566.0,1529396
2023-05-25,566.0,573.7000122070312,563.0499877929688,572.0499877929688,1307797
2023-05-26,572.0,578.8499755859375,569.3499755859375,577.2000122070312,1467444
2023-05-29,577.2999877929688,588.4500122070312,575.0,579.0499877929688,2794717
2023-05-30,576.0,589.0,571.0,585.1500244140625,2653926
2023-05-31,603.0,603.7000122070312,584.25,592.3499755859375,10027475
2023-06-01,593.4500122070312,594.4500122070312,581.0,582.2000122070312,1659264
2023-06-02,585.2999877929688,586.0,572.9500122070312,576.4000244140625,3192761
2023-06-05,578.0499877929688,580.9500122070312,573.0,574.1500244140625,2230529
2023-06-06,574.1500244140625,582.75,567.9000244140625,579.7000122070312,3334157
2023-06-07,583.0,595.5,582.7000122070312,594.4500122070312,3440284
2023-06-08,594.4500122070312,597.4000244140625,589.7999877929688,593.9000244140625,1675907
2023-06-09,587.9500122070312,593.7000122070312,576.75,581.7000122070312,3023579
2023-06-12,585.9500122070312,591.0,581.4500122070312,584.4000244140625,3327440
2023-06-13,582.25,587.0,581.0,584.7999877929688,3288950
2023-06-14,584.7999877929688,589.4500122070312,581.7999877929688,585.0499877929688,5344073
2023-06-15,585.0499877929688,585.0499877929688,574.0,578.1500244140625,2074065
2023-06-16,577.7999877929688,615.0,576.5999755859375,609.5499877929688,11422524
2023-06-19,609.9500122070312,629.0,602.0999755859375,626.5499877929688,7087287
2023-06-20,627.0,644.8499755859375,624.2000122070312,643.7000122070312,10400684
2023-06-21,645.0,659.9500122070312,640.0499877929688,642.5,7689046
2023-06-22,642.5,655.7999877929688,637.25,639.0,4577233
2023-06-23,642.4500122070312,643.0,623.7999877929688,626.9000244140625,4159293
2023-06-26,619.9500122070312,632.3499755859375,616.75,630.25,3749962
2023-06-27,641.0,674.0,637.0999755859375,667.2000122070312,30050877
2023-06-28,667.2000122070312,671.9500122070312,641.5499877929688,651.9500122070312,21909643
2023-06-30,652.0,657.5,638.5,651.2000122070312,8681796
2023-07-03,651.0,657.0,644.0499877929688,650.7000122070312,2795761
2023-07-04,654.4000244140625,657.25,644.5999755859375,647.0,3340982
2023-07-05,647.0,675.9500122070312,645.0499877929688,673.5999755859375,5871642
2023-07-06,674.5499877929688,677.7000122070312,659.5,661.1500244140625,4788193
2023-07-07,660.5999755859375,679.0,656.7000122070312,658.0999755859375,5425784
2023-07-10,660.0,674.75,659.0499877929688,668.25,3676990
2023-07-11,671.0,684.7999877929688,670.75,672.5499877929688,5004622
2023-07-12,675.9000244140625,677.5,669.75,671.7000122070312,2912240
2023-07-13,676.0,690.8499755859375,676.0,680.5999755859375,3997060
2023-07-14,683.8499755859375,684.7999877929688,660.5499877929688,670.0499877929688,6273380
2023-07-17,672.9500122070312,674.8499755859375,662.0999755859375,667.1500244140625,2439405
2023-07-18,667.0,667.0,653.3499755859375,656.5499877929688,5855926
2023-07-19,658.0,660.4500122070312,649.0499877929688,659.0499877929688,4866371
2023-07-20,660.0,662.8499755859375,651.5499877929688,661.0499877929688,2754328
2023-07-21,662.5,662.5,633.6500244140625,647.2999877929688,5964750
2023-07-24,653.5999755859375,660.2000122070312,646.0499877929688,653.1500244140625,7781836
2023-07-25,653.1500244140625,660.0,650.0,651.7999877929688,4754351
2023-07-26,652.0,660.0,648.0,658.5999755859375,1841832
2023-07-27,658.5999755859375,668.25,657.2000122070312,662.4500122070312,3364659
2023-07-28,663.0,664.4500122070312,654.5,659.2999877929688,1664766
2023-07-31,652.0,655.0,644.4500122070312,646.8499755859375,3738008
2023-08-01,641.1500244140625,646.7999877929688,638.0,642.75,3370855
2023-08-02,642.75,644.9000244140625,637.0,642.8499755859375,2536221
2023-08-03,637.0999755859375,640.9500122070312,629.0999755859375,632.7000122070312,2670399
2023-08-04,635.9500122070312,644.25,635.1500244140625,642.2000122070312,2032172
2023-08-07,645.0,649.75,639.25,648.7999877929688,1676683
2023-08-08,650.0,654.8499755859375,642.0999755859375,645.4500122070312,3542734
2023-08-09,646.0,652.0,643.1500244140625,645.7999877929688,2176168
2023-08-10,645.0,651.5,638.0999755859375,640.0,1472754
2023-08-11,640.0,641.9000244140625,632.0,633.5999755859375,1288176
2023-08-14,632.0999755859375,638.0,625.5999755859375,632.75,1927044
2023-08-16,627.0999755859375,629.7999877929688,619.6500244140625,625.1500244140625,1800138
2023-08-17,625.1500244140625,630.9500122070312,622.2000122070312,628.4000244140625,1800092
2023-08-18,623.0,627.4500122070312,616.75,625.9500122070312,2392364
2023-08-21,625.0,629.3499755859375,623.0,625.1500244140625,1207075
2023-08-22,625.0,654.0499877929688,624.2000122070312,635.8499755859375,8186967
2023-08-23,638.0,638.5,630.0999755859375,633.2000122070312,1544136
2023-08-24,635.0,637.5,628.5,630.5,1518585
2023-08-25,630.0,635.8499755859375,625.75,628.2999877929688,1938963
2023-08-28,629.0,632.25,624.6500244140625,627.3499755859375,2531965
2023-08-29,628.4000244140625,636.0,626.0499877929688,634.9000244140625,3656025
2023-08-30,636.5,639.9500122070312,634.1500244140625,637.0499877929688,1858995
2023-08-31,635.0,647.9000244140625,631.2999877929688,644.75,4473826
2023-09-01,644.75,648.0,638.5499877929688,641.3499755859375,1271599
2023-09-04,645.0,645.8499755859375,634.0,640.0499877929688,1384829
2023-09-05,644.0,648.0999755859375,636.0,640.9500122070312,3759460
2023-09-06,643.5,651.2000122070312,639.2999877929688,647.5499877929688,2898323
2023-09-07,648.0,657.75,643.0499877929688,656.75,2349089
2023-09-08,659.2000122070312,660.7999877929688,652.9500122070312,657.4500122070312,1693851
2023-09-11,658.0,677.5499877929688,656.4000244140625,668.6500244140625,4083029
2023-09-12,668.6500244140625,670.2999877929688,656.5,660.9500122070312,4061914
2023-09-13,656.0,658.9500122070312,642.7000122070312,650.2000122070312,4423644
2023-09-14,650.2999877929688,655.4000244140625,643.0,645.4500122070312,3735579
2023-09-15,641.2000122070312,646.8499755859375,640.2999877929688,644.9000244140625,6827895
2023-09-18,644.7000122070312,665.5499877929688,644.5999755859375,659.9500122070312,4012209
2023-09-20,659.3499755859375,659.3499755859375,645.75,648.2000122070312,1596867
2023-09-21,646.0499877929688,653.9000244140625,641.4000244140625,644.25,2420603
2023-09-22,643.4000244140625,656.0,642.25,649.4500122070312,1925717
2023-09-25,652.2000122070312,653.0,640.0499877929688,642.0999755859375,2079256
2023-09-26,640.0499877929688,648.8499755859375,638.1500244140625,644.25,1968753
2023-09-27,647.9000244140625,649.5499877929688,639.7999877929688,648.2000122070312,1452570
2023-09-28,645.2000122070312,650.6500244140625,633.3499755859375,634.7000122070312,2418577
2023-09-29,635.5499877929688,639.4000244140625,630.6500244140625,637.4000244140625,1830734
2023-10-03,634.4500122070312,637.5,628.5499877929688,633.5499877929688,3454441
2023-10-04,631.0,632.0,624.25,625.5,2357914
2023-10-05,626.0,627.75,619.9000244140625,624.3499755859375,4050085
2023-10-06,624.5499877929688,636.2000122070312,622.75,630.9000244140625,3713370
2023-10-09,625.0,629.5499877929688,613.3499755859375,615.1500244140625,3308557
2023-10-10,616.0999755859375,624.75,615.1500244140625,621.25,4054232
2023-10-11,626.9500122070312,627.0,619.0,621.5,3102088
2023-10-12,622.0499877929688,626.2999877929688,619.0,624.6500244140625,2810053
2023-10-13,623.25,633.0,614.5,625.25,5462771
2023-10-16,633.0,635.0,619.6500244140625,630.0499877929688,3399593
2023-10-17,632.5,645.9000244140625,630.5499877929688,641.7999877929688,4443295
2023-10-18,641.6500244140625,648.4500122070312,637.75,645.0,2187089
2023-10-19,639.0,644.25,629.1500244140625,639.0,3371397
2023-10-20,636.9500122070312,641.9500122070312,630.0,639.9500122070312,1853937
2023-10-23,638.0,644.7000122070312,621.7999877929688,625.25,2502483
2023-10-25,625.25,627.9500122070312,607.7000122070312,616.4500122070312,2821496
2023-10-26,611.8499755859375,614.9500122070312,602.7000122070312,605.8499755859375,2011512
2023-10-27,606.0499877929688,615.5999755859375,606.0499877929688,608.6500244140625,1348147
2023-10-30,609.7999877929688,618.0,600.75,607.5999755859375,1882245
2023-10-31,607.0999755859375,621.0,604.4500122070312,618.3499755859375,2661284
2023-11-01,621.7999877929688,623.9500122070312,616.9000244140625,620.0499877929688,1947740
2023-11-02,622.0,626.7999877929688,618.0,619.2999877929688,1651263
2023-11-03,622.0,625.0,619.5999755859375,622.0999755859375,1450553
2023-11-06,622.0999755859375,626.2999877929688,619.4000244140625,621.7999877929688,1789823
2023-11-07,623.4000244140625,624.0,614.7000122070312,622.4500122070312,2747838
2023-11-08,624.0,624.8499755859375,617.5,618.75,1332249
2023-11-09,618.75,625.0,613.2000122070312,621.3499755859375,2235630
2023-11-10,620.8499755859375,631.5,620.0499877929688,626.75,2449660
2023-11-13,625.1500244140625,628.2000122070312,617.0,621.0499877929688,2047300
2023-11-15,632.9500122070312,639.4000244140625,627.0,636.1500244140625,2033627
2023-11-16,636.9000244140625,639.7000122070312,632.0,634.9500122070312,1753550
2023-11-17,632.8499755859375,660.0,632.0,651.7999877929688,4306473
2023-11-20,654.9500122070312,655.2000122070312,647.5,652.4000244140625,2178344
2023-11-21,655.0,672.0499877929688,654.25,667.9000244140625,5077816
2023-11-22,669.75,675.3499755859375,665.2999877929688,668.5,2664154
2023-11-23,668.0499877929688,677.0,659.5,665.0,2184014
2023-11-24,666.0499877929688,672.25,663.0499877929688,668.0,1511079
2023-11-28,668.0499877929688,676.7000122070312,668.0499877929688,673.2999877929688,1900825
2023-11-29,677.0,680.4500122070312,671.2999877929688,675.6500244140625,1829510
2023-11-30,676.9000244140625,693.0,674.5499877929688,690.75,4637116
2023-12-01,694.0499877929688,695.0,680.0499877929688,682.1500244140625,2106753
2023-12-04,689.7999877929688,689.7999877929688,672.25,674.9500122070312,4817286
2023-12-05,679.0,681.2999877929688,667.7000122070312,672.75,4028068
2023-12-06,677.0,681.7999877929688,675.0499877929688,677.3499755859375,1627777
2023-12-07,680.9000244140625,685.7000122070312,675.5499877929688,678.2999877929688,3853936
2023-12-08,680.4500122070312,684.0,667.0,671.25,2713075
2023-12-11,671.0499877929688,674.5,667.25,672.5,1897948
2023-12-12,676.9000244140625,710.5999755859375,675.3499755859375,707.3499755859375,10749420
2023-12-13,706.5,707.0,689.2000122070312,698.2000122070312,4757264
2023-12-14,702.0,704.0,679.0999755859375,684.5499877929688,6251731
2023-12-15,688.0,688.0,663.25,673.0999755859375,8720610
2023-12-18,673.7999877929688,674.7999877929688,666.7999877929688,672.25,2050286
2023-12-19,673.0,674.0499877929688,664.2999877929688,666.0499877929688,3794818
2023-12-20,671.9000244140625,674.0,640.2999877929688,644.0999755859375,3772684
2023-12-21,641.0,648.7000122070312,637.1500244140625,644.2000122070312,2755102
2023-12-22,646.0,649.0,637.0999755859375,639.8499755859375,2854029
2023-12-26,641.0,645.9000244140625,634.0,638.0,2202221
2023-12-27,643.0,646.0,638.4000244140625,643.7999877929688,2353373
2023-12-28,647.0,650.9500122070312,644.25,648.0999755859375,3566880
2023-12-29,648.0999755859375,649.8499755859375,643.0,646.7000122070312,1653662
2024-01-01,647.0,652.3499755859375,644.3499755859375,648.7000122070312,1343888
2024-01-02,649.5,654.2999877929688,642.5999755859375,645.5,3005450
2024-01-03,644.0,648.4500122070312,636.0999755859375,637.2000122070312,1893956
2024-01-04,638.0,649.0,638.0,647.9500122070312,4412550
2024-01-05,648.5,654.5499877929688,642.4500122070312,646.75,1394951
2024-01-08,647.0,654.1500244140625,641.7000122070312,645.8499755859375,2064691
2024-01-09,647.0,650.7999877929688,638.5999755859375,640.9000244140625,3648496
2024-01-10,642.0,650.3499755859375,641.4500122070312,644.9500122070312,3288472
2024-01-11,646.0,653.0999755859375,639.9000244140625,644.0,2800658
2024-01-12,646.8499755859375,648.5999755859375,621.2999877929688,637.5999755859375,7076942
2024-01-15,637.0,637.0,611.8499755859375,614.4500122070312,12433539
2024-01-16,615.75,616.8499755859375,609.0499877929688,611.25,8761562
2024-01-17,611.0,618.5,605.0999755859375,606.5999755859375,10183042
2024-01-18,608.0,612.2999877929688,600.5999755859375,607.7999877929688,3658639
2024-01-19,614.5,618.4000244140625,609.7999877929688,615.9000244140625,2563065
2024-01-23,600.25,613.75,582.7999877929688,586.1500244140625,5994679
2024-01-24,590.0,591.0,576.7000122070312,581.6500244140625,6144401
2024-01-25,584.1500244140625,586.5499877929688,577.2999877929688,579.0,3725167
2024-01-29,575.0499877929688,584.0,575.0499877929688,578.5499877929688,4399011
2024-01-30,583.0,583.5999755859375,571.5499877929688,575.0,5895638
2024-01-31,573.5,578.0,571.2999877929688,576.5999755859375,4068280
2024-02-01,577.2000122070312,591.4000244140625,567.2000122070312,587.0999755859375,8911872
2024-02-02,589.9500122070312,589.9500122070312,576.5,578.7999877929688,3006965
2024-02-05,578.7999877929688,581.9500122070312,561.5499877929688,563.3499755859375,3750294
2024-02-06,564.0,595.0499877929688,562.25,592.75,15915028
2024-02-07,597.0,614.0,596.0,605.1500244140625,7560296
2024-02-08,605.1500244140625,616.0499877929688,590.0999755859375,591.7000122070312,7782663
2024-02-09,591.7000122070312,594.1500244140625,582.25,584.0,2453771
2024-02-12,584.0,586.5,572.4000244140625,577.2000122070312,2799522
2024-02-13,577.25,594.0,574.7000122070312,589.5499877929688,5011128
2024-02-14,582.4000244140625,586.9500122070312,578.4000244140625,585.3499755859375,1572158
2024-02-15,586.8499755859375,589.3499755859375,582.0,585.0999755859375,1737411
2024-02-16,588.5,594.0,583.7000122070312,592.4500122070312,2973324
2024-02-19,594.2999877929688,594.2999877929688,584.4000244140625,585.2000122070312,2785107
2024-02-20,580.2000122070312,589.5,576.25,587.9500122070312,3523966
2024-02-21,587.9500122070312,591.25,574.5,577.4500122070312,3321288
2024-02-22,578.0,579.4000244140625,567.0499877929688,574.6500244140625,4195869
2024-02-23,577.2000122070312,583.3499755859375,575.75,580.7000122070312,2561028
2024-02-26,568.75,580.9500122070312,567.25,576.3499755859375,4199991
2024-02-27,576.0499877929688,592.0,572.8499755859375,581.5999755859375,6321068
2024-02-28,582.0,590.9000244140625,578.1500244140625,580.5999755859375,3434747
2024-02-29,581.0,585.9000244140625,575.5499877929688,582.0,2750947
2024-03-01,584.9000244140625,596.7999877929688,583.0,589.9500122070312,3460443
2024-03-04,595.0,620.5,587.5999755859375,610.2999877929688,7272987
2024-03-05,611.7999877929688,615.5999755859375,603.75,607.7000122070312,4342310
2024-03-06,611.25,618.0999755859375,604.7000122070312,613.9500122070312,4896598
2024-03-07,611.5499877929688,624.1500244140625,611.5499877929688,621.9500122070312,3682063
2024-03-11,625.0,629.0,618.9000244140625,620.8499755859375,3777242
2024-03-12,618.25,629.7999877929688,615.0499877929688,621.5499877929688,4975736
2024-03-13,623.25,626.7000122070312,604.0499877929688,610.0499877929688,2840155
2024-03-14,603.0,624.5,598.2000122070312,622.25,3750622
2024-03-15,620.0,634.7999877929688,611.2999877929688,632.3499755859375,4896049
2024-03-18,634.9500122070312,636.5499877929688,628.25,634.0999755859375,2911589
2024-03-19,634.0,636.5,623.3499755859375,632.5,3861068
2024-03-20,630.0,632.5,619.4000244140625,626.4000244140625,1712459
2024-03-21,629.0,639.0,620.0,622.25,7197320
2024-03-22,623.9000244140625,628.6500244140625,616.0,623.8499755859375,3636733
2024-03-26,638.8499755859375,642.7999877929688,625.5,626.9000244140625,13822598
2024-03-27,627.5,638.4000244140625,624.0499877929688,626.3499755859375,13848953
2024-03-28,626.3499755859375,638.75,626.3499755859375,633.3499755859375,6878964
2024-04-01,638.0,638.0,628.0,634.75,3874744
2024-04-02,631.0999755859375,641.6500244140625,631.0999755859375,631.9000244140625,5179918
2024-04-03,629.8499755859375,630.0,620.4000244140625,624.0999755859375,3822465
2024-04-04,625.0,626.5,618.0999755859375,622.4000244140625,3858229
2024-04-05,621.0,630.4500122070312,616.2999877929688,629.4000244140625,3860995
2024-04-08,630.0,635.9000244140625,626.5499877929688,634.5999755859375,3403360
2024-04-09,639.0,639.1500244140625,632.6500244140625,633.9500122070312,2873703
2024-04-10,636.0,637.0999755859375,620.0,621.5,6753666
2024-04-12,621.0,624.0,616.25,618.5,5081775
2024-04-15,610.0499877929688,616.5,604.0999755859375,612.9500122070312,2594888
2024-04-16,609.0499877929688,611.0999755859375,600.5999755859375,604.5999755859375,4970256
2024-04-18,618.0,624.0,604.1500244140625,605.6500244140625,11984298
2024-04-19,600.0,604.4000244140625,581.0999755859375,601.5499877929688,10243493
2024-04-22,601.8499755859375,608.8499755859375,598.0999755859375,605.9500122070312,3076888
2024-04-23,606.0499877929688,609.1500244140625,598.0,601.1500244140625,4527775
2024-04-24,600.0499877929688,601.0999755859375,593.0,594.2000122070312,4095087
2024-04-25,595.4500122070312,596.4000244140625,585.5999755859375,594.7000122070312,6150372
2024-04-26,597.0,603.4000244140625,587.0,587.8499755859375,3094364
2024-04-29,590.0,591.9500122070312,571.0,575.0999755859375,8879207
2024-04-30,576.5499877929688,588.5,576.0499877929688,583.6500244140625,9926485
2024-05-02,584.2999877929688,586.5499877929688,573.4000244140625,576.3499755859375,8292342
2024-05-03,581.7999877929688,581.7999877929688,565.25,565.9000244140625,8574215
2024-05-06,569.9000244140625,569.9000244140625,550.2000122070312,555.0499877929688,8759027
2024-05-07,559.5,561.9500122070312,549.5999755859375,552.3499755859375,7783593
2024-05-08,552.0999755859375,553.9500122070312,548.0,550.4500122070312,6715043
2024-05-09,551.0499877929688,551.9000244140625,538.0,539.5499877929688,13570152
2024-05-10,542.7999877929688,553.7999877929688,539.5499877929688,548.5499877929688,7524779
2024-05-13,553.7999877929688,568.4500122070312,547.1500244140625,559.6500244140625,7867089
2024-05-14,566.0,568.0,560.0,561.5499877929688,5348599
2024-05-15,561.5499877929688,562.0,555.0,555.9500122070312,2415161
2024-05-16,557.0,568.2000122070312,550.7000122070312,567.0499877929688,4543902
2024-05-17,567.0499877929688,572.0,561.4500122070312,570.2000122070312,3992575
2024-05-21,569.4000244140625,570.0,563.0499877929688,565.5999755859375,5583840
2024-05-22,565.5999755859375,566.7999877929688,559.6500244140625,560.4000244140625,3820060
2024-05-23,564.0,569.2000122070312,558.0499877929688,565.6500244140625,7106820
2024-05-24,565.0,571.7999877929688,563.4500122070312,565.0999755859375,3433290
2024-05-27,565.2000122070312,569.2999877929688,562.0999755859375,564.25,2624929
2024-05-28,567.0,579.9500122070312,563.6500244140625,578.4500122070312,5797999
2024-05-29,578.4500122070312,578.4500122070312,560.9000244140625,561.8499755859375,6259646
2024-05-30,552.75,563.8499755859375,548.25,550.75,6312875
2024-05-31,551.9000244140625,556.2999877929688,546.5499877929688,549.8499755859375,9707990
2024-06-03,568.9500122070312,569.25,547.0499877929688,550.0999755859375,9263670
2024-06-04,555.0,555.0,511.3999938964844,534.4500122070312,9783762
2024-06-05,540.0,554.2999877929688,536.0999755859375,551.9500122070312,3234914
2024-06-06,555.0,558.75,550.4000244140625,555.25,3970217
2024-06-07,555.0499877929688,563.5999755859375,553.5,562.9500122070312,3382962
2024-06-10,563.25,574.5499877929688,561.2999877929688,569.2000122070312,3863289
2024-06-11,571.5,576.9000244140625,566.2000122070312,571.7000122070312,6417670
2024-06-12,571.7000122070312,577.75,569.5999755859375,572.7000122070312,4304369
2024-06-13,565.0,598.4000244140625,565.0,593.5,24352341
2024-06-14,599.1500244140625,601.7999877929688,594.0499877929688,598.3499755859375,7308942
2024-06-18,596.8499755859375,605.0,591.7999877929688,601.2000122070312,5120280
2024-06-19,602.0999755859375,605.1500244140625,592.3499755859375,596.2000122070312,4453729
2024-06-20,596.2000122070312,597.5,582.7000122070312,590.0999755859375,6133067
2024-06-21,588.0,592.5999755859375,580.0,580.9500122070312,7263396
2024-06-24,580.0,582.4500122070312,575.6500244140625,579.5,3226301
2024-06-25,579.0,592.25,576.9500122070312,590.9500122070312,6593288
2024-06-26,591.6500244140625,599.0,587.2000122070312,589.0499877929688,3672989
2024-06-27,589.0499877929688,595.0,586.5999755859375,593.25,4772196
2024-06-28,594.0,599.7999877929688,590.0,595.0499877929688,3646272
2024-07-01,590.1500244140625,603.0499877929688,589.5999755859375,600.75,3342913
2024-07-02,603.7000122070312,603.75,586.5,589.7999877929688,6477279
2024-07-03,592.4000244140625,598.8499755859375,590.5,596.1500244140625,2134587
2024-07-04,596.0,607.2999877929688,594.2999877929688,603.9500122070312,5028421
2024-07-05,606.2000122070312,608.7999877929688,600.6500244140625,607.3499755859375,3493050
2024-07-08,609.0,622.0499877929688,608.5999755859375,620.9000244140625,6800857
2024-07-09,622.0,629.3499755859375,620.9000244140625,623.6500244140625,5000797
2024-07-10,624.0,640.75,615.5999755859375,632.75,6186968
2024-07-11,635.9500122070312,636.5999755859375,629.2999877929688,634.25,3573349
2024-07-12,634.0,636.4000244140625,627.0999755859375,635.5499877929688,2643647
2024-07-15,635.5499877929688,648.0,630.5,638.0499877929688,6951688
2024-07-16,642.0,655.0,633.3499755859375,646.75,9167071
2024-07-18,646.75,651.4000244140625,641.0999755859375,648.9000244140625,3975243
2024-07-19,644.6500244140625,646.0,634.1500244140625,635.9000244140625,2496778
2024-07-22,631.9000244140625,641.0,628.9500122070312,637.4000244140625,3854108
2024-07-23,642.0,649.7000122070312,623.25,643.9500122070312,9082995
2024-07-24,639.5999755859375,675.0,639.2999877929688,672.7999877929688,12377638
2024-07-25,666.0,685.5999755859375,665.5499877929688,683.1500244140625,9386864
2024-07-26,683.1500244140625,709.7999877929688,682.0499877929688,703.3499755859375,8933046
2024-07-29,703.5499877929688,710.0,693.75,696.8499755859375,4676765
2024-07-30,696.0999755859375,708.3499755859375,683.9000244140625,697.2000122070312,6134510
2024-07-31,697.2000122070312,719.0,693.0999755859375,715.5,6683204
2024-08-01,715.0,722.5,710.0499877929688,713.5999755859375,4074648
2024-08-02,707.5,712.75,699.0499877929688,707.4000244140625,2710858
2024-08-05,693.0,713.9000244140625,690.0499877929688,710.9000244140625,9327217
2024-08-06,711.6500244140625,719.0,677.2999877929688,679.5999755859375,6106310
2024-08-07,682.0999755859375,697.7000122070312,682.0999755859375,696.25,5154327
2024-08-08,691.0999755859375,713.2000122070312,689.7000122070312,710.3499755859375,5953315
2024-08-09,714.2000122070312,715.0,701.4500122070312,702.4000244140625,2848313
2024-08-12,698.5999755859375,713.6500244140625,692.2000122070312,702.4500122070312,3723417
2024-08-13,698.0999755859375,707.2999877929688,677.5,685.0,5741391
2024-08-14,686.0,690.5999755859375,676.4000244140625,686.3499755859375,2962358
2024-08-16,664.6500244140625,690.5999755859375,664.6500244140625,689.4000244140625,4584181
2024-08-19,689.4000244140625,689.4000244140625,678.5,685.7000122070312,2352893
2024-08-20,687.0,713.0,684.0499877929688,710.5999755859375,6828474
2024-08-21,714.3499755859375,727.5999755859375,708.6500244140625,724.5499877929688,6186935
2024-08-22,726.0,729.9000244140625,720.0499877929688,726.0,3889249
2024-08-23,725.0,730.5,723.4500122070312,729.0,3898989
2024-08-26,734.0,734.0,719.25,725.6500244140625,2131814
2024-08-27,724.0,742.4500122070312,719.2999877929688,739.5499877929688,5627130
2024-08-28,739.9500122070312,746.5499877929688,734.0499877929688,742.0999755859375,2995930
2024-08-29,740.0,748.5,731.8499755859375,736.9000244140625,3962913
2024-08-30,736.9000244140625,742.7000122070312,733.5,738.7000122070312,6227807
2024-09-02,743.1500244140625,754.0,739.8499755859375,745.2999877929688,3073926
2024-09-03,754.0,761.2000122070312,741.6500244140625,758.75,6268050
2024-09-04,751.7000122070312,759.4500122070312,748.4000244140625,758.7999877929688,3031650
2024-09-05,758.0,758.6500244140625,750.4000244140625,751.8499755859375,1759438
2024-09-06,750.0,754.0999755859375,736.0499877929688,738.4000244140625,2765612
2024-09-09,735.0999755859375,749.0,731.25,735.7999877929688,2635184
2024-09-10,730.0,732.1500244140625,701.2000122070312,702.9000244140625,7366304
2024-09-11,701.0,704.2999877929688,696.0,700.1500244140625,4604184
2024-09-12,703.1500244140625,715.9500122070312,698.2999877929688,714.5499877929688,3487862
2024-09-13,712.0,713.75,703.1500244140625,705.4000244140625,1886832
2024-09-16,708.8499755859375,709.2000122070312,698.0,701.3499755859375,2754818
2024-09-17,701.3499755859375,702.9000244140625,691.5499877929688,698.9000244140625,2985585
2024-09-18,698.9000244140625,705.2000122070312,693.4000244140625,698.7999877929688,1527865
2024-09-19,700.3499755859375,708.0999755859375,697.75,701.5,2202499
2024-09-20,702.0,721.0,702.0,711.0999755859375,7891171
2024-09-23,718.8499755859375,730.0,714.0499877929688,727.5,2943802
2024-09-24,727.5,728.9500122070312,715.1500244140625,720.7000122070312,3212859
2024-09-25,722.0,723.0999755859375,710.0999755859375,716.5499877929688,1096265
2024-09-26,716.5499877929688,732.0,714.2999877929688,729.5499877929688,2797065
2024-09-27,729.4500122070312,740.6500244140625,726.3499755859375,730.2000122070312,4567661
2024-09-30,735.0,736.3499755859375,716.0,718.0,2488795
2024-10-01,716.0,723.3499755859375,706.5999755859375,710.2000122070312,1987048
2024-10-03,696.5499877929688,711.9500122070312,696.5,702.25,2542774
2024-10-04,702.25,713.5,701.5499877929688,708.7999877929688,2616851
2024-10-07,711.6500244140625,719.2999877929688,702.9000244140625,705.8499755859375,3474485
2024-10-08,700.5,712.5499877929688,699.7999877929688,710.0999755859375,3767320
2024-10-09,709.8499755859375,725.4500122070312,703.75,717.2999877929688,1743202
2024-10-10,721.0,726.2000122070312,713.2999877929688,723.6500244140625,2249443
2024-10-11,721.5,725.5,717.0,723.8499755859375,1984588
2024-10-14,728.0,741.5999755859375,726.2999877929688,740.5999755859375,3985624
2024-10-15,742.7999877929688,746.4500122070312,711.2999877929688,714.25,6665822
2024-10-16,723.4500122070312,732.4500122070312,714.8499755859375,726.7999877929688,5375005
2024-10-17,730.0,731.5,715.9500122070312,726.0999755859375,4310887
2024-10-18,726.0,744.0,720.0999755859375,742.4500122070312,3703858
2024-10-21,748.8499755859375,755.4500122070312,742.4500122070312,745.8499755859375,4508689
2024-10-22,745.7999877929688,749.75,724.3499755859375,728.2000122070312,3346783
2024-10-23,725.0,732.0,718.2000122070312,723.75,1668266
2024-10-24,725.0,735.0,711.0499877929688,714.8499755859375,1806714
2024-10-25,718.0,719.7000122070312,700.0,709.4500122070312,2852838
2024-10-28,710.25,721.7999877929688,705.7000122070312,718.25,1448334
2024-10-29,718.0,745.0999755859375,708.1500244140625,742.4000244140625,4585180
2024-10-30,744.25,745.0,724.5499877929688,727.0499877929688,1645358
2024-10-31,723.0999755859375,726.75,713.1500244140625,720.1500244140625,2028752
2024-11-01,721.9500122070312,726.0,720.1500244140625,723.7000122070312,198743
2024-11-04,720.2000122070312,727.5999755859375,706.0999755859375,710.8499755859375,2047984
2024-11-05,710.7999877929688,726.5999755859375,685.4000244140625,717.25,5036300
2024-11-06,717.0,718.0,704.3499755859375,708.7000122070312,2878220
2024-11-07,708.7000122070312,713.7000122070312,703.2999877929688,711.7000122070312,1935062
2024-11-08,709.5,719.8499755859375,707.0,708.5,1272302
2024-11-11,704.0999755859375,711.5999755859375,695.7999877929688,705.3499755859375,1888427
2024-11-12,707.5499877929688,719.8499755859375,696.0999755859375,700.0,2502158
2024-11-13,695.0,698.8499755859375,683.1500244140625,685.0499877929688,2080391
2024-11-14,681.5,696.7000122070312,681.5,694.0,1715862
2024-11-18,687.0,693.9500122070312,682.5,690.5,1666040
2024-11-19,688.0499877929688,693.0,668.2999877929688,680.4000244140625,6438490
2024-11-21,680.4000244140625,680.9500122070312,668.8499755859375,674.4000244140625,2194259
2024-11-22,680.0,691.2999877929688,674.1500244140625,688.2000122070312,1788502
2024-11-25,690.0,695.7999877929688,681.4000244140625,684.7999877929688,4622983
2024-11-26,684.0,693.4000244140625,675.0,682.4000244140625,1767673
2024-11-27,681.8499755859375,689.2999877929688,679.2999877929688,680.5499877929688,2422336
2024-11-28,682.0,690.1500244140625,638.6500244140625,657.7000122070312,13625371
2024-11-29,670.0,674.0999755859375,651.2999877929688,657.75,5934406
2024-12-02,650.0,664.0,639.0999755859375,640.2000122070312,4977558
2024-12-03,646.7999877929688,646.7999877929688,632.2999877929688,634.0,8256858
2024-12-04,635.0,651.0,635.0,650.25,7392523
2024-12-05,650.2000122070312,653.5,639.3499755859375,643.1500244140625,6163444
2024-12-06,645.0,647.4500122070312,635.2000122070312,636.5,6455327
2024-12-09,637.9000244140625,646.3499755859375,634.7000122070312,641.7999877929688,4027169
2024-12-10,641.7999877929688,644.4500122070312,630.3499755859375,633.2999877929688,6158405
2024-12-11,634.7999877929688,640.5999755859375,632.7999877929688,634.6500244140625,2396993
2024-12-12,636.0,636.7999877929688,619.9000244140625,626.5499877929688,3807072
2024-12-13,625.0,633.9000244140625,621.1500244140625,632.5499877929688,2573194
2024-12-16,632.5499877929688,636.4000244140625,628.5499877929688,634.9500122070312,2175242
2024-12-17,634.9500122070312,636.3499755859375,625.5999755859375,626.75,3179067
2024-12-18,623.1500244140625,629.7999877929688,620.2999877929688,624.5499877929688,4331195
2024-12-19,618.0499877929688,625.0,615.2999877929688,623.5499877929688,3779968
2024-12-20,619.7000122070312,626.5,618.2000122070312,623.7999877929688,3996244
2024-12-23,625.0499877929688,626.4500122070312,613.5999755859375,622.5499877929688,2924609
2024-12-24,622.5499877929688,628.0499877929688,619.0,622.5,1445089
2024-12-26,619.9000244140625,629.4500122070312,619.2000122070312,626.4000244140625,3523864
2024-12-27,626.4000244140625,629.4000244140625,620.5999755859375,621.9000244140625,726298
2024-12-30,620.3499755859375,623.9000244140625,614.3499755859375,617.4000244140625,1564417
2024-12-31,617.2000122070312,619.1500244140625,611.0499877929688,617.0499877929688,2645522
2025-01-01,615.0999755859375,619.5,612.6500244140625,617.2000122070312,1386549
2025-01-02,617.0,621.0999755859375,614.0,620.1500244140625,2449967
2025-01-03,619.0,624.0499877929688,615.6500244140625,623.0,2956679
2025-01-06,627.0,627.0,603.3499755859375,605.9500122070312,5743310
2025-01-07,606.0,620.7000122070312,605.5,619.8499755859375,2813892
2025-01-08,620.0499877929688,623.25,615.0999755859375,618.0,1861556
2025-01-09,616.0999755859375,621.0999755859375,609.9000244140625,612.2000122070312,2141675
2025-01-10,610.0499877929688,614.9000244140625,603.0,608.6500244140625,1966939
2025-01-13,607.0,608.4500122070312,597.2999877929688,599.75,2105862
2025-01-14,605.0,608.0499877929688,594.8499755859375,600.4500122070312,3122102
2025-01-15,604.5,604.5,584.2999877929688,594.2000122070312,5633587
2025-01-16,630.0999755859375,663.5999755859375,628.9500122070312,641.4000244140625,24198675
2025-01-17,640.0,649.9500122070312,633.4000244140625,642.2000122070312,3671715
2025-01-20,642.0,644.0499877929688,630.5499877929688,634.0499877929688,1956252
2025-01-21,636.0,637.0499877929688,622.9000244140625,624.0,1820019
2025-01-22,629.0,629.0,612.9000244140625,618.2000122070312,2296057
2025-01-23,618.0,625.2000122070312,612.5999755859375,621.0,1673008
2025-01-24,620.5499877929688,625.0,613.2999877929688,621.0999755859375,1793560
2025-01-27,618.0,619.75,606.4000244140625,610.2000122070312,1730503
2025-01-28,610.9500122070312,614.0,600.0999755859375,611.5499877929688,2662789
2025-01-29,612.0,629.7000122070312,605.1500244140625,628.3499755859375,2005819
2025-01-30,624.7000122070312,636.0999755859375,624.0,634.1500244140625,2899445
2025-01-31,638.0,641.0,630.1500244140625,638.0499877929688,1012392
2025-02-01,639.0499877929688,667.5499877929688,595.25,625.5,10039413
2025-02-03,615.5,630.3499755859375,610.0,621.4000244140625,3293387
2025-02-04,627.9500122070312,628.0,615.4000244140625,625.9000244140625,3244955
2025-02-05,626.0,639.0,624.7000122070312,627.8499755859375,4467504
2025-02-06,626.4500122070312,638.4000244140625,623.1500244140625,631.9500122070312,4837012
2025-02-07,631.9500122070312,637.5,624.5499877929688,635.7000122070312,2538330
2025-02-10,636.0,640.7999877929688,626.75,635.7000122070312,3394573
2025-02-11,632.25,634.8499755859375,612.9500122070312,618.5999755859375,2327875
2025-02-12,618.0999755859375,636.9000244140625,608.1500244140625,629.1500244140625,3378279
2025-02-13,629.1500244140625,640.0,627.6500244140625,629.5999755859375,2808139
2025-02-14,630.0,633.9000244140625,622.5,626.2000122070312,1693078
2025-02-17,626.2000122070312,627.0,613.9500122070312,623.25,1860572
2025-02-18,624.0,626.0,611.3499755859375,618.9500122070312,1887686
2025-02-19,617.0,624.0,613.7999877929688,622.8499755859375,2007325
2025-02-20,623.0,630.0,616.2999877929688,620.0,2881981
2025-02-21,617.7999877929688,623.9000244140625,613.4500122070312,622.8499755859375,1627631
2025-02-24,616.0,621.5,614.5,617.0,983443
2025-02-25,617.0499877929688,623.2999877929688,613.0999755859375,622.1500244140625,1606709
2025-02-27,625.0,627.8499755859375,615.0,618.4000244140625,1831493
2025-02-28,614.0,616.9500122070312,600.3499755859375,608.5,5013148
2025-03-03,608.5,620.1500244140625,607.0,618.0,3624490
2025-03-04,613.0999755859375,620.7999877929688,609.2999877929688,616.5,3262295
2025-03-05,613.0,625.0,612.0,621.2000122070312,2661830
2025-03-06,621.2000122070312,628.0,612.5999755859375,618.25,2491123
2025-03-07,618.2999877929688,633.0,618.1500244140625,625.2000122070312,3169440
2025-03-10,625.0499877929688,633.0,623.0,625.9000244140625,2316148
2025-03-11,623.0,637.5499877929688,614.6500244140625,636.9500122070312,2677293
2025-03-12,636.9500122070312,639.75,627.0999755859375,632.0,2704337
2025-03-13,631.0,632.2999877929688,619.4500122070312,622.4000244140625,2211232
2025-03-17,622.4000244140625,631.3499755859375,622.4000244140625,629.7999877929688,1075106
2025-03-18,629.7999877929688,629.7999877929688,629.7999877929688,629.7999877929688,0
2025-03-19,642.0,665.9000244140625,640.6500244140625,664.5499877929688,2470532
2025-03-20,665.0,678.3499755859375,659.0999755859375,674.3499755859375,4425855
2025-03-21,677.7999877929688,681.0999755859375,669.0499877929688,679.5999755859375,3725271
2025-03-24,679.5999755859375,687.4500122070312,675.5999755859375,679.9000244140625,1401023
2025-03-25,683.0,686.0,671.3499755859375,673.0999755859375,2019661
2025-03-26,673.0999755859375,680.4000244140625,664.8499755859375,668.4000244140625,2231203
2025-03-27,668.4000244140625,684.5999755859375,667.0499877929688,681.9000244140625,5951034
2025-03-28,683.9000244140625,688.25,677.9500122070312,685.7000122070312,3116601
2025-04-01,683.0,698.0499877929688,680.0,692.9000244140625,4620146
2025-04-02,693.2999877929688,701.75,690.2000122070312,696.1500244140625,3047499
2025-04-03,688.5,697.7999877929688,675.0,692.9000244140625,1353987
2025-04-04,687.0,695.0,684.1500244140625,689.0499877929688,3867188
2025-04-07,663.75,680.0,651.7000122070312,665.9500122070312,3861746
2025-04-08,674.5,689.75,668.2999877929688,685.75,3279965
2025-04-09,685.5,691.5999755859375,679.1500244140625,684.7999877929688,3054715
2025-04-11,683.4000244140625,690.4000244140625,682.1500244140625,685.5499877929688,3264303
2025-04-15,691.1500244140625,707.5,690.2999877929688,704.7000122070312,2306442
2025-04-16,700.2000122070312,721.3499755859375,700.2000122070312,716.0499877929688,3452538
2025-04-17,716.0499877929688,723.75,709.5499877929688,720.0499877929688,3105731
2025-04-21,725.0,725.0,703.5999755859375,712.2000122070312,6168127
2025-04-22,718.0,721.8499755859375,708.5499877929688,712.5499877929688,2669384
2025-04-23,715.4000244140625,715.9000244140625,705.0999755859375,709.0999755859375,2091384
2025-04-24,713.0,716.0,705.0,708.4000244140625,3814638
2025-04-25,711.4500122070312,733.5,692.6500244140625,704.5499877929688,3714671
2025-04-28,702.7000122070312,714.5,698.0999755859375,710.8499755859375,1944250
2025-04-29,715.9000244140625,719.0,707.0,715.0499877929688,2545118
2025-04-30,712.0999755859375,749.7999877929688,712.0999755859375,743.7000122070312,8732964
2025-05-02,743.7000122070312,749.3499755859375,727.3499755859375,729.1500244140625,2512684
2025-05-05,730.0999755859375,741.3499755859375,727.2999877929688,738.9000244140625,2761798
2025-05-06,738.9000244140625,742.6500244140625,718.7999877929688,722.5999755859375,1498360
2025-05-07,719.0,728.8499755859375,718.0,723.9000244140625,1657343
2025-05-08,718.5,726.2000122070312,715.5,722.9500122070312,3057761
2025-05-09,709.0,717.0,708.4000244140625,713.5999755859375,3210705
2025-05-12,720.0,737.0,720.0,734.5999755859375,1488045
2025-05-13,735.4000244140625,742.4000244140625,732.1500244140625,735.0499877929688,1445358
2025-05-14,740.0,750.0,734.1500244140625,741.7000122070312,2058831
2025-05-15,743.0499877929688,753.5999755859375,734.0,751.2000122070312,3338741
2025-05-16,750.0,754.0,747.0499877929688,750.5499877929688,1426234
2025-05-19,747.0,756.0,746.3499755859375,750.9500122070312,1187450
2025-05-20,748.5499877929688,757.6500244140625,745.75,747.0499877929688,2191829
2025-05-21,748.0,761.0,746.0,759.7000122070312,1928533
2025-05-22,759.7000122070312,762.0499877929688,752.2000122070312,755.8499755859375,2391952
2025-05-23,755.7999877929688,781.3499755859375,752.0499877929688,780.4000244140625,4511523
2025-05-26,784.2999877929688,786.1500244140625,777.7000122070312,780.0,2343463
2025-05-27,780.0,781.2000122070312,769.7000122070312,775.7999877929688,3472288
2025-05-28,779.7999877929688,790.75,776.0499877929688,789.4500122070312,4163057
2025-05-29,788.0,791.0999755859375,778.6500244140625,780.9000244140625,2916417
2025-05-30,780.9000244140625,786.75,775.3499755859375,776.8499755859375,3184086
2025-06-02,771.75,782.5,762.5,766.7000122070312,3456222
2025-06-03,748.4000244140625,768.5,747.0,757.9000244140625,3357675
2025-06-04,754.0,766.4000244140625,754.0,758.7999877929688,2322495
2025-06-05,759.0,768.1500244140625,755.5,761.5999755859375,1638871
2025-06-06,764.4000244140625,764.4000244140625,750.5499877929688,755.0999755859375,1215092
2025-06-09,755.0999755859375,765.8499755859375,745.0499877929688,760.4000244140625,3151657
2025-06-10,764.1500244140625,765.5999755859375,750.2000122070312,762.4500122070312,2167862
2025-06-11,762.2000122070312,772.25,760.25,764.2000122070312,1530367
2025-06-12,765.0999755859375,769.0,752.6500244140625,754.5,1600355
2025-06-13,743.9000244140625,753.9500122070312,740.25,752.8499755859375,1490695
2025-06-16,750.8499755859375,773.2999877929688,750.0999755859375,770.5499877929688,2304692
2025-06-17,773.9000244140625,777.8499755859375,766.4000244140625,773.9500122070312,1899985
2025-06-18,774.0,774.4500122070312,765.0,766.2000122070312,1059077
2025-06-19,766.0,767.9500122070312,753.7000122070312,761.8499755859375,3059158
2025-06-20,760.7999877929688,781.2000122070312,758.0,778.9500122070312,5256299
2025-06-23,769.9500122070312,784.0,769.0,774.1500244140625,1848140
2025-06-24,779.5,787.0499877929688,777.2999877929688,779.7000122070312,1965197
2025-06-25,780.0499877929688,787.6500244140625,778.5499877929688,785.0999755859375,2733266
2025-06-26,789.0,802.1500244140625,785.5999755859375,799.4500122070312,4290163
2025-06-27,801.0,811.2000122070312,794.0,806.9500122070312,17236651
2025-06-30,809.0,820.75,801.5499877929688,814.2999877929688,2971593
2025-07-01,814.2999877929688,818.9000244140625,806.0499877929688,809.9000244140625,2596888
2025-07-02,808.5,812.5999755859375,788.0,789.7000122070312,3248677
2025-07-03,788.9500122070312,789.0499877929688,777.2000122070312,785.8499755859375,3442861
2025-07-04,783.9000244140625,788.7999877929688,780.2000122070312,785.0999755859375,1536851
2025-07-07,781.0499877929688,792.75,781.0499877929688,789.4500122070312,2169992
2025-07-08,785.0,796.5,783.0999755859375,794.1500244140625,5033587
2025-07-09,792.0,797.9500122070312,784.0,786.2999877929688,2165913
2025-07-10,783.0,788.0,763.4000244140625,771.25,2602721
2025-07-11,765.0,777.4000244140625,756.8499755859375,759.0,3508424
2025-07-14,755.2000122070312,767.4500122070312,753.0,764.75,1794592
2025-07-15,769.0,770.2999877929688,752.1500244140625,756.8499755859375,2842400
2025-07-16,765.0,776.9000244140625,754.7999877929688,755.9500122070312,6273181
2025-07-17,759.6500244140625,760.7000122070312,746.2999877929688,751.7999877929688,4378210
2025-07-18,755.0,757.0,736.4000244140625,739.5,3450063
2025-07-21,738.0,753.5,732.8499755859375,752.2999877929688,2073697
2025-07-22,752.0,768.5499877929688,751.5499877929688,763.2999877929688,4334529
2025-07-23,765.0,768.2999877929688,758.0999755859375,762.5,1312711
2025-07-24,762.0,766.3499755859375,756.0,757.2999877929688,1258684
2025-07-25,752.8499755859375,766.5,751.0999755859375,762.3499755859375,1708286
2025-07-28,762.0,769.7999877929688,756.5499877929688,761.2000122070312,1509806
2025-07-29,762.0,765.0,755.0999755859375,756.3499755859375,1129341
2025-07-30,752.2999877929688,762.0,750.0,757.4500122070312,2011152
2025-07-31,746.0,761.25,746.0,755.5,1783473
2025-08-01,752.5499877929688,756.3499755859375,740.0999755859375,741.7000122070312,1697685
2025-08-04,741.5,747.5499877929688,732.1500244140625,739.7999877929688,2555375
2025-08-05,735.7999877929688,742.25,731.6500244140625,738.5,1988095
2025-08-06,734.0999755859375,755.0,734.0999755859375,752.5499877929688,1797969
2025-08-07,747.0499877929688,757.6500244140625,747.0499877929688,755.7000122070312,1423219
2025-08-08,756.0,764.5,756.0,761.5499877929688,2210684
2025-08-11,763.5,765.8499755859375,753.7000122070312,764.75,1719052
2025-08-12,764.75,772.9500122070312,758.3499755859375,766.2000122070312,1996036
2025-08-13,765.8499755859375,783.7000122070312,763.5999755859375,776.5999755859375,1720968
2025-08-14,778.75,790.75,777.9500122070312,788.75,2861621
2025-08-18,809.0,815.0,789.0999755859375,791.0,3954373
2025-08-19,791.7999877929688,796.0999755859375,785.2000122070312,793.75,1531303
2025-08-20,793.0499877929688,801.8499755859375,792.5999755859375,796.5499877929688,1097339
2025-08-21,792.5,807.0,791.4000244140625,795.4500122070312,2142925
2025-08-22,793.7999877929688,795.0,786.5999755859375,788.75,1331814
2025-08-25,788.75,791.9500122070312,785.3499755859375,787.0,2326398
2025-08-26,786.0499877929688,792.0,770.5,776.5999755859375,5054056
2025-08-28,775.5,788.9000244140625,771.0,775.3499755859375,2892634
2025-08-29,776.0,778.4500122070312,766.6500244140625,772.0499877929688,1865283
2025-09-01,772.0499877929688,785.0,771.5,781.7999877929688,2218344
2025-09-02,780.0,795.75,777.25,782.75,2957512
2025-09-03,783.0,787.5,770.7000122070312,776.4500122070312,1879623
2025-09-04,803.0,803.0,750.0499877929688,754.25,10041489
2025-09-05,764.0,773.0,753.4000244140625,759.5499877929688,3234619
2025-09-08,762.2999877929688,763.2000122070312,748.5,753.75,3455695
2025-09-09,755.0,762.9000244140625,752.3499755859375,761.0999755859375,2393107
2025-09-10,763.0,778.6500244140625,760.0,777.5999755859375,2301647
2025-09-11,777.9500122070312,779.2999877929688,771.2000122070312,774.25,1238513
2025-09-12,775.7000122070312,781.4500122070312,770.1500244140625,779.6500244140625,2259316
2025-09-15,775.0,780.0,771.5999755859375,777.2000122070312,1362719
2025-09-16,776.8499755859375,781.5999755859375,770.0999755859375,774.3499755859375,1758601
2025-09-17,775.0499877929688,776.9500122070312,762.7999877929688,768.0499877929688,2329049
2025-09-18,766.2000122070312,789.6500244140625,766.2000122070312,784.5999755859375,4824420
2025-09-19,786.7999877929688,793.6500244140625,780.5,782.2000122070312,3634175
2025-09-22,786.7999877929688,796.9000244140625,783.5,787.7999877929688,1976223
2025-09-23,787.4500122070312,791.5,774.0,775.0499877929688,2220802
2025-09-24,771.25,775.5999755859375,768.0499877929688,770.25,1102305
2025-09-25,768.0,769.9500122070312,758.75,765.0499877929688,2080916
2025-09-26,766.5999755859375,775.4500122070312,762.2000122070312,764.4000244140625,2956314
2025-09-29,762.0,768.9500122070312,754.4000244140625,756.5999755859375,3463773
2025-09-30,757.0,761.6500244140625,750.5999755859375,756.4500122070312,3435577
2025-10-01,753.2000122070312,766.75,748.9500122070312,764.0,1540724
2025-10-03,756.6500244140625,767.1500244140625,754.9500122070312,759.2000122070312,5421803
2025-10-06,755.2000122070312,764.7000122070312,752.6500244140625,763.0499877929688,1323764
2025-10-07,767.0,770.0,753.0999755859375,755.5999755859375,3289846
2025-10-08,755.5999755859375,757.0499877929688,742.7000122070312,747.2999877929688,2259319
2025-10-09,746.0999755859375,757.4500122070312,742.0,754.3499755859375,4476278
2025-10-10,754.9000244140625,759.7000122070312,743.5999755859375,747.2999877929688,2771300
2025-10-13,742.2000122070312,750.0,742.1500244140625,746.5499877929688,1676403
2025-10-14,746.9500122070312,748.1500244140625,739.6500244140625,743.5499877929688,3412592
2025-10-15,744.7000122070312,763.7000122070312,743.5499877929688,761.1500244140625,2764842
2025-10-16,759.9500122070312,759.9500122070312,726.0,742.8499755859375,10209104
2025-10-17,740.75,749.5,736.0499877929688,745.9500122070312,4205888
2025-10-20,751.9000244140625,753.9000244140625,737.5499877929688,742.25,2361964
2025-10-21,740.5999755859375,746.4000244140625,740.5999755859375,743.7000122070312,119115
2025-10-23,745.0,752.5499877929688,742.7000122070312,743.6500244140625,3312072
2025-10-24,743.5999755859375,745.5,733.7999877929688,734.9500122070312,2349228
2025-10-27,734.9500122070312,743.5499877929688,732.2999877929688,737.25,3739804
2025-10-28,736.0,748.9000244140625,735.5499877929688,747.0,3859058
2025-10-29,750.2000122070312,763.4000244140625,749.0,761.2999877929688,2270288
2025-10-30,758.0,761.2000122070312,744.0499877929688,746.5999755859375,1517376
2025-10-31,745.0,748.5999755859375,730.0499877929688,731.8499755859375,2584942
2025-11-03,730.0,737.9500122070312,728.4500122070312,736.0,2222765
2025-11-04,736.0,748.6500244140625,734.2000122070312,742.4500122070312,2311438
2025-11-06,738.8499755859375,746.7999877929688,734.5999755859375,736.0499877929688,1640119
2025-11-07,731.0499877929688,750.5,731.0499877929688,749.25,1709430
2025-11-10,750.0,759.7999877929688,749.2000122070312,750.7000122070312,2046515
2025-11-11,754.4000244140625,765.0,747.3499755859375,763.9000244140625,2303525
2025-11-12,765.0,786.0,764.4500122070312,783.0999755859375,3996339
2025-11-13,782.9000244140625,786.5,778.2999877929688,782.2000122070312,2068084
2025-11-14,779.0,780.2999877929688,769.5,773.7000122070312,1373199
2025-11-17,770.7000122070312,778.0,765.0999755859375,770.25,2639170
2025-11-18,766.4500122070312,769.0999755859375,760.5499877929688,761.7999877929688,1363326
2025-11-19,760.5999755859375,762.0,755.6500244140625,761.0999755859375,950947
2025-11-20,760.7000122070312,765.1500244140625,750.0999755859375,762.2000122070312,2612081
2025-11-21,760.0,766.2000122070312,758.5999755859375,764.0,2712721
2025-11-24,765.5,766.0,759.6500244140625,761.6500244140625,5837946
2025-11-25,763.8499755859375,770.4500122070312,757.6500244140625,766.5499877929688,1858955
2025-11-26,763.5999755859375,788.5,762.75,787.5499877929688,3006211
2025-11-27,787.5499877929688,787.7999877929688,775.8499755859375,777.7999877929688,1165637
2025-11-28,780.4000244140625,780.4000244140625,761.4500122070312,764.2999877929688,2441514
2025-12-01,765.0,768.25,758.0999755859375,766.75,908996
2025-12-02,762.0,766.4000244140625,753.9500122070312,759.0,2054726
2025-12-03,755.2999877929688,758.9000244140625,746.0,751.9500122070312,2877041
2025-12-04,755.0,766.0,745.2000122070312,760.7999877929688,2649259
2025-12-05,757.2000122070312,772.0,755.2000122070312,768.2999877929688,1693258
2025-12-08,768.0,779.9000244140625,762.0,764.0499877929688,3775906
2025-12-09,763.9000244140625,765.2999877929688,753.5,762.9000244140625,1965538
2025-12-10,759.0,775.9000244140625,759.0,771.0499877929688,1667376
2025-12-11,771.0499877929688,777.1500244140625,763.0499877929688,775.2000122070312,2133427
2025-12-12,779.0999755859375,779.8499755859375,770.0499877929688,777.5,1290971
2025-12-15,772.5,775.5,766.5,772.7000122070312,1510988
2025-12-16,772.9000244140625,782.2000122070312,762.1500244140625,764.3499755859375,2125078
2025-12-17,764.3499755859375,764.3499755859375,749.0,753.5,1809434
2025-12-18,755.0499877929688,758.2999877929688,749.0999755859375,757.0,731537
2025-12-19,753.0999755859375,773.8499755859375,753.0999755859375,766.4500122070312,3098157
2025-12-22,766.0,769.0499877929688,759.9500122070312,761.7999877929688,767829
2025-12-23,759.9500122070312,765.0,757.7999877929688,763.9500122070312,1246811
2025-12-24,763.9000244140625,767.9500122070312,754.6500244140625,755.3499755859375,1132272
2025-12-26,753.0,755.0,745.6500244140625,748.4500122070312,1655497
2025-12-29,748.0,751.4500122070312,742.2000122070312,746.4500122070312,2912215
2025-12-30,746.4500122070312,751.0,735.75,743.0,13786783
2025-12-31,747.8499755859375,752.0,744.2000122070312,749.8499755859375,2503615
2026-01-01,750.0,753.4000244140625,746.9000244140625,750.0999755859375,820228
2026-01-02,749.9500122070312,758.3499755859375,749.0499877929688,754.8499755859375,1457089
2026-01-05,751.5,765.4000244140625,751.5,759.2999877929688,1348153
2026-01-06,754.2000122070312,779.9000244140625,754.2000122070312,777.8499755859375,2900960
2026-01-07,778.0,779.9000244140625,769.5,772.3499755859375,1349921
2026-01-08,773.0,774.3499755859375,752.6500244140625,758.1500244140625,1993731
2026-01-09,758.2000122070312,760.75,747.7000122070312,749.9000244140625,3267663
2026-01-12,750.3499755859375,766.5,750.3499755859375,754.6500244140625,1771176
2026-01-13,750.0999755859375,757.7000122070312,742.5999755859375,748.5,1820910
2026-01-14,742.0,753.75,741.8499755859375,743.2000122070312,2909648
2026-01-15,743.2000122070312,743.2000122070312,743.2000122070312,743.2000122070312,0
2026-01-16,740.0999755859375,742.0,718.0,732.5499877929688,9855757
2026-01-19,726.9000244140625,742.9500122070312,726.9000244140625,736.7999877929688,2566777
2026-01-20,736.7999877929688,742.5499877929688,730.4500122070312,732.0999755859375,2322135
2026-01-21,727.5499877929688,740.5999755859375,722.0999755859375,724.3499755859375,3455702
2026-01-22,725.0999755859375,729.6500244140625,717.8499755859375,725.0999755859375,2374582
2026-01-23,721.0999755859375,723.0,710.2999877929688,712.0999755859375,3232798
2026-01-27,712.0999755859375,725.0,708.0999755859375,720.0499877929688,3344844
2026-01-28,722.2000122070312,731.5999755859375,719.0,728.5999755859375,1778744
2026-01-29,728.5999755859375,732.25,722.8499755859375,727.0999755859375,2511005
2026-01-30,721.25,735.7000122070312,720.6500244140625,731.0,3672455
2026-02-02,717.2999877929688,721.6500244140625,708.7999877929688,717.5,1824473
2026-02-03,721.5,735.0,718.1500244140625,720.1500244140625,3911536
2026-02-04,724.0,727.0,714.9000244140625,722.5,4826046
2026-02-05,722.4000244140625,723.2999877929688,712.0999755859375,720.7000122070312,1268905
2026-02-06,718.0,721.9000244140625,698.5499877929688,703.5,4114496
2026-02-09,704.5,711.9500122070312,702.5,707.9000244140625,4093084
2026-02-10,711.25,713.9500122070312,702.8499755859375,703.9500122070312,2320888
2026-02-11,704.0,705.5999755859375,699.0,701.0999755859375,1873706
2026-02-12,697.0,704.5499877929688,688.9000244140625,702.7000122070312,5334547
2026-02-13,702.0,707.5499877929688,695.0499877929688,696.7999877929688,2076033
2026-02-16,693.0,708.4000244140625,693.0,703.9000244140625,1975111
2026-02-17,702.5,710.9000244140625,701.5,705.7999877929688,1320272
2026-02-18,705.8499755859375,730.7000122070312,704.8499755859375,729.5999755859375,4974855
2026-02-19,726.9000244140625,735.7999877929688,723.5,733.1500244140625,2875538
2026-02-20,733.1500244140625,735.6500244140625,726.9000244140625,728.6500244140625,1600534
2026-02-23,730.0,745.75,729.7000122070312,742.4500122070312,2722974
2026-02-24,740.0999755859375,742.7999877929688,730.1500244140625,734.75,1919196
2026-02-25,740.0,741.9000244140625,732.8499755859375,735.25,2075312
2026-02-26,735.4500122070312,744.9000244140625,731.6500244140625,734.0,2329954
2026-02-27,733.0,736.7999877929688,714.25,715.2999877929688,3416009
2026-03-02,704.5999755859375,720.0,703.0,707.2999877929688,2741633
2026-03-04,691.4000244140625,707.0999755859375,681.9000244140625,684.5999755859375,5964323
2026-03-05,684.5999755859375,693.0,670.9500122070312,684.2999877929688,5413365
2026-03-06,677.5999755859375,679.2000122070312,667.9500122070312,668.5499877929688,2997163
2026-03-09,655.0,659.9000244140625,642.0999755859375,653.75,4330230
2026-03-10,653.9500122070312,661.5999755859375,653.4000244140625,656.0999755859375,3547812
2026-03-11,654.0,657.5,645.9000244140625,647.9000244140625,1336810
2026-03-12,644.5999755859375,649.3499755859375,636.0999755859375,645.7000122070312,3339906
2026-03-13,638.25,640.5999755859375,624.0,625.75,3167065
2026-03-16,625.0,630.5499877929688,617.2000122070312,626.0,2750363
2026-03-17,625.0,645.3499755859375,623.2999877929688,642.2999877929688,3465318
2026-03-18,642.4500122070312,646.5999755859375,639.5999755859375,643.3499755859375,2424345
2026-03-19,630.0,638.5499877929688,624.0,633.5,1942109
2026-03-20,635.0,635.5,622.0499877929688,623.6500244140625,3012022
2026-03-23,615.0999755859375,617.0,590.0999755859375,592.0999755859375,4223148
2026-03-24,597.0,607.6500244140625,590.0499877929688,603.0,3644510
2026-03-25,603.9500122070312,617.2000122070312,603.9500122070312,612.9000244140625,2915736
2026-03-27,605.0,612.4500122070312,600.0,610.2000122070312,4422345
2026-03-30,608.9500122070312,610.0,587.8499755859375,590.5999755859375,6294260
2026-04-01,600.0,606.1500244140625,569.0,572.9500122070312,9823726
2026-04-02,568.5999755859375,568.9000244140625,555.0999755859375,566.0999755859375,5837873
2026-04-06,563.0,582.4000244140625,560.75,580.4000244140625,4333557
2026-04-07,579.5,582.9000244140625,573.5999755859375,581.7000122070312,3550393
2026-04-08,595.0,608.5499877929688,592.0499877929688,598.2999877929688,5911479
2026-04-09,592.9000244140625,599.5,584.4000244140625,591.2000122070312,3912249
2026-04-10,595.0,605.4500122070312,590.5,604.1500244140625,4385843
2026-04-13,592.4500122070312,622.9500122070312,592.0,619.0999755859375,5549755
2026-04-15,628.0,642.1500244140625,626.0,640.4500122070312,5737074
2026-04-16,647.0,650.75,627.7000122070312,631.5,3022526
2026-04-17,618.9500122070312,625.0,606.2000122070312,616.4500122070312,8161002
2026-04-20,617.0,617.0,605.3499755859375,609.75,4980912
2026-04-21,609.75,615.9000244140625,602.7999877929688,614.2000122070312,4800986
2026-04-22,614.2000122070312,617.25,603.25,604.0499877929688,3995083
2026-04-23,604.2000122070312,607.75,595.5,598.6500244140625,4485591
2026-04-24,598.0,603.1500244140625,585.5999755859375,588.2000122070312,2806940
2026-04-27,595.0,603.4500122070312,590.0999755859375,597.2999877929688,5548234
2026-04-28,594.2000122070312,598.5999755859375,588.5,590.1500244140625,5604921
2026-04-29,592.0,602.9500122070312,589.5999755859375,594.4000244140625,6869287
2026-04-30,594.3499755859375,594.3499755859375,578.4000244140625,586.9000244140625,6234625
2026-05-01,586.9000244140625,586.9000244140625,586.9000244140625,586.9000244140625,0
2026-05-04,591.9500122070312,596.2000122070312,583.0,588.3499755859375,2591864
2026-05-05,587.0499877929688,601.9500122070312,586.0,594.0999755859375,4081766
2026-05-06,597.9000244140625,612.5999755859375,594.5499877929688,606.3499755859375,34338299
2026-05-07,611.0,629.2999877929688,608.8499755859375,625.4000244140625,22416339
2026-05-08,625.5,628.0,618.2999877929688,621.7000122070312,2352588
2026-05-11,619.0,626.0,611.2000122070312,622.7000122070312,3739911
2026-05-12,622.0,622.0,600.3499755859375,601.7999877929688,2789480
2026-05-13,602.9500122070312,608.5,598.8499755859375,602.7999877929688,2288693
2026-05-14,603.8499755859375,614.5,602.5,612.5499877929688,3120476
2026-05-15,616.5,618.9500122070312,605.4500122070312,608.7000122070312,2900528
2026-05-18,600.7000122070312,608.0,594.0499877929688,604.9500122070312,3980665
2026-05-19,603.0999755859375,617.5,603.0999755859375,610.4000244140625,1778845
2026-05-20,602.5999755859375,611.25,602.5999755859375,605.0999755859375,3698222
2026-05-21,612.0,616.5,605.6500244140625,614.3499755859375,3625135
2026-05-22,619.0,620.7000122070312,614.3499755859375,616.5999755859375,3481863
2026-05-25,622.5,622.9000244140625,616.5,620.0,1723876
2026-05-26,621.0499877929688,624.0499877929688,617.0,618.8499755859375,2241793
2026-05-27,619.9000244140625,619.9000244140625,608.6500244140625,609.5999755859375,1266431
2026-05-28,609.5999755859375,609.5999755859375,609.5999755859375,609.5999755859375,0
2026-05-29,614.0,614.0,588.7999877929688,594.7999877929688,11094751
2026-06-01,594.75,603.8499755859375,584.9500122070312,586.5499877929688,3163894
2026-06-02,582.5499877929688,587.1500244140625,571.3499755859375,579.9000244140625,5405229
2026-06-03,581.4000244140625,581.4000244140625,570.25,574.4000244140625,2055060
2026-06-04,572.8499755859375,576.5,570.2999877929688,573.75,854448
2026-06-05,577.4000244140625,590.0,573.9000244140625,575.2999877929688,3882527
2026-06-08,571.9000244140625,572.9000244140625,560.0499877929688,564.5499877929688,2507051
2026-06-09,564.5499877929688,572.0,557.75,560.5999755859375,3463876
2026-06-10,560.5,567.0999755859375,547.5,549.5499877929688,3075495
2026-06-11,546.25,550.4500122070312,543.0,545.25,3861386
2026-06-12,552.0,557.8499755859375,545.7000122070312,555.3499755859375,2966637
2026-06-15,561.0,583.3499755859375,561.0,581.2000122070312,2381721
2026-06-16,582.0,582.5,571.25,574.4000244140625,2066303
2026-06-17,576.0,582.9500122070312,573.5499877929688,581.7999877929688,1106892
2026-06-18,583.0,592.2000122070312,581.7999877929688,591.2999877929688,2243668
2026-06-19,586.0,593.7999877929688,584.2999877929688,591.8499755859375,2678289
2026-06-22,591.9000244140625,598.7000122070312,591.5,597.1500244140625,2915552
2026-06-23,598.9000244140625,605.0,594.2000122070312,597.4500122070312,3300891
2026-06-24,596.0999755859375,596.4500122070312,585.2000122070312,591.75,2209081
2026-06-25,595.0,597.1500244140625,583.0999755859375,585.4500122070312,1537033
2026-06-26,585.4500122070312,585.4500122070312,585.4500122070312,585.4500122070312,0
2026-06-29,584.4500122070312,587.4500122070312,579.0999755859375,583.25,4808121
2026-06-30,583.7000122070312,584.9500122070312,571.1500244140625,575.8499755859375,3716670
2026-07-01,574.7999877929688,575.5,564.7999877929688,569.9500122070312,6839847
2026-07-02,574.2999877929688,576.5,569.0499877929688,571.3499755859375,1161547
2026-07-03,580.0,580.0,565.7000122070312,567.7000122070312,3165444
2026-07-06,565.75,571.2000122070312,559.9500122070312,564.2000122070312,3692940
2026-07-07,565.5,573.7999877929688,563.0999755859375,572.4500122070312,2585422
2026-07-08,571.4500122070312,573.6500244140625,553.1500244140625,555.7000122070312,3249938
2026-07-09,557.0,560.75,551.0,551.8499755859375,8590339
2026-07-10,555.0,570.0,554.0,567.7000122070312,6139132
2026-07-13,563.0,577.0,563.0,573.4000244140625,2309255
2026-07-14,570.0,572.0,553.25,555.2000122070312,6752588
2026-07-15,558.5,575.3499755859375,558.0,568.75,4422146
2026-07-16,585.0,588.0,557.0,567.5999755859375,7555055
2026-07-17,568.2999877929688,577.2000122070312,562.9000244140625,563.6500244140625,3978771
2026-07-20,567.2999877929688,567.2999877929688,560.25,564.6500244140625,1252168
2026-07-21,564.6500244140625,564.7999877929688,557.5,561.0,2529706
2026-07-22,560.0,561.9000244140625,550.2000122070312,553.0999755859375,1766190
2026-07-23,550.5,553.0,547.7000122070312,550.9500122070312,2300322
2026-07-24,548.0,556.75,547.2000122070312,555.0499877929688,1354038
2026-07-27,555.9500122070312,558.25,550.9000244140625,552.8499755859375,1368559
2026-07-28,552.8499755859375,560.4500122070312,551.2000122070312,558.75,1829401
2026-07-29,561.0,561.9500122070312,555.5999755859375,556.7000122070312,1180266
2026-07-30,557.0,558.8499755859375,544.7000122070312,545.4000244140625,4394541
2026-07-31,548.7000122070312,550.9000244140625,544.0499877929688,548.5,11438476
2026-08-03,553.7000122070312,554.0,549.0999755859375,553.0999755859375,2516331
2026-08-04,551.7999877929688,551.7999877929688,530.5,535.9500122070312,9286204
2026-08-05,538.0,546.5999755859375,536.3499755859375,545.0,8073174
2026-08-06,545.0,545.0,538.2999877929688,542.5,2727203
2026-08-07,542.5,544.9500122070312,537.5,540.0,1413369
2026-08-10,540.0,541.7999877929688,531.0499877929688,540.0,4001242
2026-08-11,540.0,540.5499877929688,532.4000244140625,536.0,3642366
2026-08-12,536.0,537.75,531.4000244140625,537.0,2392072
2026-08-13,537.0,539.7000122070312,532.9000244140625,538.0499877929688,1565686
2026-08-14,539.5,540.0,535.5999755859375,535.8499755859375,805941
2026-08-17,536.25,544.2999877929688,534.9000244140625,543.0,3104159
2026-08-18,541.9500122070312,542.9000244140625,537.5499877929688,538.25,1271552
2026-08-19,538.0,539.75,533.2999877929688,536.2999877929688,2892561
2026-08-20,539.9000244140625,543.2000122070312,536.6500244140625,542.0,1684071
2026-08-21,542.0,554.7999877929688,537.2000122070312,554.7999877929688,3328959
2026-08-24,555.0,557.0,549.0,552.9500122070312,2134232
2026-08-25,549.9500122070312,555.6500244140625,545.7999877929688,546.7000122070312,2264810
2026-08-26,549.9500122070312,563.5,549.0999755859375,553.0,3818521
2026-08-27,553.0999755859375,557.0,548.0,548.0,2474974
2026-08-28,550.7999877929688,550.9500122070312,543.7999877929688,548.0,2076182
2026-08-31,545.0,546.9500122070312,538.7999877929688,543.3499755859375,3683600
2026-09-01,540.0,544.25,537.4000244140625,540.2999877929688,3064468
2026-09-02,538.0,538.0,532.0499877929688,533.0,1116864
2026-09-03,536.1500244140625,539.7000122070312,530.5499877929688,533.5,1356212
2026-09-04,533.7000122070312,548.0,533.2999877929688,546.4000244140625,6016219
2026-09-07,546.4000244140625,546.4000244140625,533.2000122070312,533.2000122070312,1190100
2026-09-08,539.9000244140625,547.7999877929688,533.6500244140625,533.7999877929688,3149035
2026-09-09,533.7000122070312,534.5999755859375,508.95001220703125,514.0,9024185
2026-09-10,515.1500244140625,526.1500244140625,508.70001220703125,526.1500244140625,4125818
2026-09-11,522.0,531.5,518.2000122070312,530.0,4127867
2026-09-14,530.0,530.0,530.0,530.0,0
2026-09-15,530.0,530.6500244140625,516.0999755859375,516.0999755859375,4844755
2026-09-16,522.0,534.0,517.0,530.2000122070312,3970025
2026-09-17,532.9000244140625,560.9500122070312,529.9500122070312,557.0,9372065
